股票代码,样本量,均值,标准差,最小值,25%,50% (中位数),75%,最大值,偏度,峰度
sh.600000,2516.0,8.160476097599364,1.1865397368313249,5.9483444,7.27323902,8.15179172,9.06496833,13.47146996,0.40155053928709494,0.44738004764834427
sh.600004,2548.0,11.682258681440345,2.8667247301310566,6.2790448,9.249928975,11.5772087,13.7749923475,22.5950385,0.4961277080387361,-0.04659002592206818
sh.600005,430.0,3.999722333767442,1.1352922868282231,2.64,3.19178289,3.58,4.5375,7.21836846,1.185595527956106,0.3915795828967128
sh.600008,2532.0,2.9923213568759874,0.753180686341688,2.18376584,2.50858304,2.71071314,3.0925079899999997,6.80601546,1.9277484033087378,3.566932249712839
sh.600009,2537.0,44.86741239843516,16.211857037977477,16.8339024,31.8873348,43.75063294,55.76262386,84.6953625,0.47955238967541663,-0.7706769795308372
sh.600010,2539.0,2.010385777187869,0.7039139938878406,1.0416336,1.5379572,1.89,2.21560284,5.13681168,1.647064695040419,3.6740827494276282
sh.600011,2548.0,6.272612008802983,1.3815948357109245,3.44065098,5.52614717,6.119423295,7.1218169,10.48371456,0.13406860762631898,-0.32347293643862596
sh.600015,2548.0,5.407556031589482,0.8628205045304161,3.94824372,4.6658784,5.315484720000001,5.9922368,7.99391264,0.4827948663600761,-0.48880147019402687
sh.600016,2548.0,3.958892955910518,0.6576208906122561,2.71714191,3.36833636,4.0190472,4.4465403925,5.5814019,-0.07384529829775001,-0.949458664068167
sh.600018,2545.0,4.857350391815324,0.7821220688240046,3.28154582,4.18976989,4.8398948,5.37507996,7.91508122,0.4591605807010808,0.4957532532443598
sh.600019,2456.0,5.0273670525,1.081558281702616,2.91513684,4.125753545,5.06484414,5.8339110425000005,9.35812288,0.13984543471939803,-0.5350825550621199
sh.600021,2471.0,9.085205027215702,2.818355284606609,5.45798917,7.23847859,8.61705922,9.819782165,27.7923726,2.969386343930977,12.864376049163308
sh.600022,2451.0,1.697424913219094,0.4741336412144696,1.11765159,1.38,1.56959806,1.88162659,5.21916572,2.357754111014997,8.52283020138688
sh.600023,2548.0,4.0496705335792775,1.0076595243191462,2.7059511,3.2561074000000003,3.843502975,4.4280276,10.0296702,1.4124294177645396,2.753805637151315
sh.600025,1827.0,5.63842065063492,2.4737165848360476,1.90615656,3.47005184,5.42955168,7.026372925,12.005735,0.5332757736871983,-0.7690654741914229
sh.600026,2450.0,7.971667397334693,3.562459575453709,3.55334772,5.4610372,6.095466435,11.152884,18.81119768,0.9505901445459766,-0.3954333798597065
sh.600027,2537.0,3.9326004324438304,1.151963816166832,2.29639685,2.88989316,3.57906384,4.96945016,7.6468455,0.6215115845754815,-0.8489497114772306
sh.600028,2548.0,3.8323419340384617,1.0543623444936905,2.32008742,3.137211,3.45013558,4.13721619,6.745518,1.003630072926541,-0.18233947466411893
sh.600029,2545.0,7.046871249933202,1.5144958856107797,4.27448,5.99,6.71,7.6,15.2469175,1.6151687642693817,3.1092107755214937
sh.600030,2531.0,18.438329352429868,4.543621714981855,10.0408483,14.29266864,18.58342364,21.019274969999998,33.94982016,0.39662316446528173,-0.4140844320132411
sh.600031,2547.0,13.278658049740873,7.127666090190325,3.91556322,7.04183364,13.36762136,16.740430959999998,43.10474311,1.012355593008918,1.2350332917669844
sh.600036,2543.0,25.40737313903657,9.762193556991056,8.89810181,18.237060855000003,26.64245475,31.248493670000002,45.658548,0.03813356112931004,-0.9646877354492878
sh.600037,2519.0,10.939870865426755,4.860003548551732,5.58762171,8.08727808,9.01830096,13.043433965,46.63982011,2.6429473793270137,9.83399709342649
sh.600038,2538.0,44.04412842265169,7.753571277283357,31.54149558,38.87771152,42.000316,46.832475475,80.685372,1.6830923003205593,3.419033206654824
sh.600039,2526.0,4.030605201437055,2.3459593640768617,1.55807704,2.07829836,2.6185381,6.45946884,9.61450369,0.6732153867118879,-1.1241726986494354
sh.600048,2541.0,9.996418806355765,2.7103456735680442,4.68461275,7.74169893,9.73065126,12.25960204,17.00407605,0.23001843204895192,-0.9974888224972083
sh.600050,2453.0,4.589575180428048,0.9411391220469283,2.97512068,3.8065688,4.5297824,5.14912918,8.65842028,0.6309246961894205,0.6237663092215842
sh.600058,2478.0,10.800675052945925,5.146392110739734,5.9,7.58,9.03,12.1775,40.5117238,2.2612753399908496,6.180672599493147
sh.600060,2545.0,13.707902088514734,4.716465630572072,6.40054272,10.49085788,12.37359882,15.9148561,29.0063631,0.8418707916956535,-0.09810406549622419
sh.600061,2506.0,8.077985334704708,2.347511353430408,4.0308564,6.60906801,7.55105596,8.94929766,21.88582888,1.9851530922159226,5.2250961792541535
sh.600066,2547.0,12.195937922712996,4.680236228156953,5.5366452,9.16810443,11.32773749,13.44864888,27.46426695,1.3796104291591773,1.5140069604862525
sh.600068,1614.0,7.219690370303594,1.5452829621660351,4.4963775,6.0442072025,6.86205828,8.055671145000002,12.50860845,0.8993875018278416,0.34586325670575224
sh.600074,896.0,9.136272321428573,6.482226387441948,0.17,1.39,12.16,14.71,28.72,-0.0950766905510993,-1.343328037831602
sh.600079,2524.0,18.483912584346278,5.4443914267881315,8.30066412,14.64618649,18.1403502,21.50724733,35.53627,0.5344174233468044,0.15249632729992912
sh.600085,2548.0,32.90836868045918,8.911483750177101,18.8740266,26.1790137175,29.35113534,38.900286890000004,59.90895232,0.8611416265628137,-0.28032899453612536
sh.600089,2538.0,9.065723392659574,4.401664807130375,3.79048956,5.25205118,6.8926676350000005,13.468277847500001,21.70349568,0.5686679328795518,-1.1488200755948705
sh.600098,2546.0,5.961550964905734,1.3253069731530065,4.28906477,5.087168092500001,5.57718918,6.245544,14.600231,2.230589794964084,6.757198941060341
sh.600100,2432.0,9.231072886406249,4.071002363316084,3.94,6.0800138675,8.1572534,11.1117035925,31.38201176,1.5002347714446487,3.47022373204284
sh.600104,2528.0,17.47727427907437,3.7650472912462014,9.43418587,14.295521067500001,16.764029555,19.9201896,28.12058268,0.668591360295604,-0.37879768049338614
sh.600108,2547.0,4.04672158813506,1.9126900223480376,2.2828995,2.94791805,3.30524145,4.441728375,13.91242624,2.3592816650879582,5.9230341890317515
sh.600109,2528.0,10.546823903413767,3.4988401706355186,5.48078712,8.34955798,9.36490832,11.965587135,30.74419662,2.2200258374066406,6.8114106603462385
sh.600111,2548.0,18.53884389127551,9.605323912614395,8.19572187,11.7918308175,15.01435006,22.9315296,59.52086792,1.6080354384046505,2.4452622150733903
sh.600115,2534.0,5.5392963869376475,1.397089189706076,3.41,4.64,5.2108516300000005,6.5114466,13.3223811,1.2917185081598495,2.9965163945501696
sh.600118,2548.0,27.90090687320251,7.855140311394213,14.9540976,22.73399924,26.7611111,31.271939224999997,75.5747164,2.1454253968191903,7.759070914527895
sh.600132,2548.0,53.92830746088305,40.00344700546475,8.88708258,17.83486739,43.8041142,84.6971306625,176.77010001,0.7649132166007476,-0.4505877749697702
sh.600143,2461.0,8.504540372108899,4.219837327726284,3.1574448,5.4060224,7.37290748,9.75683394,27.48143856,1.5882115200076103,2.4882464339963546
sh.600150,2411.0,25.088508840311075,9.108727676246168,9.06308433,18.799544915,23.34697452,29.77924709,67.67235566,1.1081756274623327,2.1324568556976553
sh.600153,2314.0,7.356596930691443,1.7664889089509384,4.419807,5.887178947500001,6.9057676,8.746173725,14.96247808,0.6305386486408003,-0.2994076079682051
sh.600157,2292.0,2.3369456357591623,1.379167665158825,1.04335455,1.41101282,1.62962044,3.5401949625,9.36495054,1.6413022710809066,2.888447638473932
sh.600160,2527.0,11.14048792058963,5.576342550968384,4.24365012,6.96990067,8.29327954,14.801152425000002,28.55403744,1.1766634763869377,0.3896828270843713
sh.600161,2427.0,16.577960374717758,6.295609369708587,5.5858357,10.58907993,17.033244,21.74811372,34.52878449,0.15377084557569268,-1.086261517376983
sh.600166,2544.0,2.8161130224135222,0.6398769811178683,1.54,2.4,2.75,3.20764175,5.8553619,0.7092038223265763,1.2472926772802988
sh.600170,2528.0,2.795210672005538,0.6192375744718613,1.84517865,2.460296,2.65711968,2.89786616,7.106814,3.0207686789968804,12.398315170878027
sh.600176,2526.0,9.437336116060967,3.6961182521324867,3.0341804,6.260571325,8.89540135,12.788048,21.2275923,0.3788564941561184,-0.8730809039069065
sh.600177,2530.0,4.8280011814268775,1.0902636958829979,2.87050368,4.1182592325,4.677555760000001,5.30937237,8.73565028,0.8708025383760889,0.4060716697405553
sh.600183,2548.0,14.087705468528258,7.152892412323058,3.29295,7.54945181,14.39604085,20.1435417225,33.2637192,0.23869226158244322,-1.094981520208222
sh.600188,2547.0,7.061374325461327,5.11072970413007,2.0712576,3.08576389,3.73405032,12.53313533,21.58925217,0.7792970558800459,-0.9814174866702845
sh.600196,2533.0,31.171353431859455,11.465409544111893,15.43170432,23.35669712,27.0742984,37.58403435,83.1100584,1.3522261690777793,1.6466805032864622
sh.600208,2540.0,3.494453995279527,1.2441834600090589,1.57,2.76925635,3.065735925,4.0364057,9.4824737,1.998960928926558,5.172372044863174
sh.600219,2442.0,2.6427655845741196,0.6858024020156763,1.53631536,2.0456781825,2.58515422,3.1119713,5.04705,0.5200319768464089,-0.35089646203600733
sh.600221,2406.0,2.2682934662177887,1.0034359802583281,1.02,1.57,1.86,3.14116476,6.72267972,1.4818004306850443,2.271734746643108
sh.600233,2451.0,13.836891491962463,4.0562706641563295,4.54500024,11.100734235000001,13.53600288,16.142568155,33.5823915,0.7620950359770675,1.7839771832491844
sh.600252,2532.0,3.357327108522907,1.1318149635006258,1.88,2.64742848,3.0008112000000002,3.7638432,8.78290746,2.024560307671808,4.550132144986415
sh.600256,2522.0,4.116776059294211,1.9159946063770674,1.68536843,2.54055622,3.08066274,5.665692825,10.73188644,0.673505044292731,-0.5711298773218441
sh.600267,2503.0,11.98262048243308,3.000005558634051,6.46112297,10.075511785,11.6708552,13.50616217,25.29581908,0.9916395480860588,1.9391464423832026
sh.600271,2400.0,16.353347979720834,6.066820447414373,7.19,11.111594602499999,16.17522055,20.65564638,44.915003,0.8052808487076728,1.011998660640335
sh.600276,2547.0,39.68435735852768,18.758130183208685,8.9376481,23.291235450000002,40.8495528,48.630260789999994,94.1023321,0.3688440819753485,-0.2893641076298312
sh.600277,2063.0,4.001186253858458,1.4146317250439282,0.38,2.8298265899999997,3.9227296,4.7283851850000005,10.27788924,0.8262054525046827,1.2764279171443897
sh.600297,2237.0,4.677926847572642,2.569305666825093,0.69,2.56,3.89,6.78826811,15.1504245,0.77058432928233,0.03771831152338345
sh.600299,2534.0,10.792566559932913,2.223050491034179,6.565806,9.479990865000001,10.61391943,11.824139805,26.33041527,2.194950426650432,11.027406635413303
sh.600309,2415.0,53.58223951901449,31.384884232915358,8.3518177,22.95142905,49.68337,82.78500425,130.06202932,0.05273907763601733,-1.4271694774642523
sh.600315,2492.0,30.791795024759224,8.323957371759354,13.92350784,26.070514605,29.238451259999998,36.18176559,59.72308769,0.5260976713090363,0.3440797886441853
sh.600316,2548.0,23.283456929819465,9.723533002207061,7.64155833,15.571115907500001,20.950682765,30.5682620225,60.8205727,0.7038135929455064,-0.12550212720956733
sh.600317,1459.0,3.2495071016997947,1.0041894459304814,2.0510312,2.56051866,3.1684434,3.43377666,7.21385608,1.4629995950038084,1.9957294673229935
sh.600332,2491.0,26.923046024291445,3.8727754127302916,16.72981728,24.625330509999998,27.01167666,29.33093099,38.7843191,0.006373039641658327,0.09263455512630925
sh.600339,2393.0,4.026545404141245,1.5379898522155717,2.08552725,2.9258528,3.42999784,4.83968505,11.0776133,1.3751633300779882,1.5897862011775374
sh.600340,2516.0,12.026797791959462,8.171429508148808,1.01,2.81,15.742841630000001,18.73838,31.18512862,-0.1094793111176702,-1.5858684539121584
sh.600346,2339.0,12.775567004938008,6.591713679113594,1.95099616,8.26883073,12.914262,15.541724005,40.368881,0.7404773662995494,0.7920403357922265
sh.600348,2548.0,4.639848500196232,2.3849999837083495,2.04687216,2.69646504,3.28595544,6.63944422,12.45769605,0.8657913188157377,-0.4192467138171265
sh.600350,2538.0,4.816349370949567,1.861250687400537,2.655016,3.46804446,4.2892564,5.101023147499999,10.96662424,1.4648556964389448,1.4148831401675577
sh.600352,2533.0,9.612113187544415,2.008659485365556,5.74575456,8.13269184,9.07611263,11.0055152,20.8289081,1.1509380775823381,2.012797028783485
sh.600362,2540.0,16.112198198763778,3.629347429408827,9.99399066,12.90575788,15.472554684999999,18.803910245,27.35785015,0.5230940250546489,-0.6703840407148962
sh.600369,2546.0,4.915940568177533,1.5440277223482566,2.63513356,3.88176468,4.39341275,5.25268959,11.6351132,1.7286859841537383,2.9817764328039003
sh.600372,2520.0,16.419409548309524,4.943610265882628,9.8384376,13.19203542,15.29475307,18.1885223625,45.6894592,2.3980682778573437,8.154489923204011
sh.600373,2545.0,11.581088380781926,3.0513092642221555,6.176219,9.04169735,10.86884859,14.11063618,25.93051538,0.8001308857410402,0.43207995383742226
sh.600376,2531.0,5.881748683654681,2.0969747244120818,1.96,4.61854223,5.69133684,7.316562935,14.65960426,0.28828882250245463,0.187354855726253
sh.600377,2548.0,7.739627560313972,2.4083009776251525,4.0072368,6.405220205,7.1938398,7.95067738,15.82234496,1.548275949856988,2.0316792156943486
sh.600383,2547.0,8.581631013455047,2.4538398455049153,2.92,7.249285755,8.6941228,10.27531705,14.46043347,-0.346278892408027,-0.40171175121718994
sh.600390,2423.0,6.552333533850598,1.9883750803829177,3.81726025,5.05105978,6.01462872,7.67822748,15.96551222,1.1334718783998783,1.1776130732279317
sh.600395,2498.0,5.480910188410729,1.2141723876289654,3.41465705,4.503585745,5.454424095,6.15566259,10.25597111,0.7112511500079389,0.3449933921855952
sh.600398,2538.0,6.1866418571118995,1.4543756677951825,3.3952346,5.142171885,6.10474383,6.86292924,11.84983284,0.4781554235286677,0.0375156381291637
sh.600406,2439.0,14.530729622820829,6.470804717563289,5.9430942,8.56780703,11.3598274,21.27361608,29.08017372,0.3325030320485786,-1.5131951915726645
sh.600415,2540.0,6.406779586311024,2.9736850270708115,2.946944,4.4642307500000005,5.52146166,7.4699312025,21.91,1.7654435803808168,3.6278277101742247
sh.600426,2541.0,16.696478731833924,9.618690484571642,3.7612816,7.70377,12.6003366,26.32542495,36.167154,0.21271328336869877,-1.5249133403138542
sh.600436,2542.0,164.72174277868214,112.5071570196068,21.94768675,53.8699829525,124.107934685,252.653743845,471.01492576,0.48654011303312045,-0.866769810833306
sh.600438,2406.0,19.40742680408562,13.488955156831622,3.76284018,6.73425109,16.09466708,30.764559,59.943032,0.6197291629647155,-0.8034304234846106
sh.600446,2440.0,18.552844656815576,10.14495078847038,7.9549776,12.7040002725,15.74407066,20.321309475,84.2214024,2.7209627041183317,9.903828102635494
sh.600460,2463.0,21.251858646114492,14.763039929986844,4.91327,9.065648485,16.52208896,27.750055484999997,69.25573452,1.2044551094948328,0.7808256725235032
sh.600482,2425.0,21.550222910948452,5.833173230492788,11.93004064,16.92073152,20.39305562,23.92577755,48.55251974,1.2321808829269867,1.602412121200032
sh.600485,586.0,20.90457162583618,16.55191255520432,1.05,3.08,17.788166675,34.495847775,64.21398517,0.5407040206658056,-0.6534969987339241
sh.600487,2486.0,14.717024118769109,4.520246227417182,4.26642549,12.40922651,14.633989790000001,16.6248709575,30.75841662,0.42567111168140864,0.9566951418067848
sh.600489,2529.0,9.141713321490709,2.1950070968168385,5.62192338,7.49753312,8.49752878,10.41433101,17.30361806,0.9652120440961721,0.27575457688505534
sh.600497,2511.0,4.784605261808045,0.9020373181551965,2.90847513,4.190386855,4.75195238,5.24147156,8.16345416,0.5255473823621833,0.5046493580497007
sh.600498,2538.0,21.80018769072892,5.181001841904748,11.8832384,17.57674125,22.07837414,25.7585763,39.5379603,0.17660876089587285,-0.651928079644498
sh.600515,2266.0,5.2922863396646065,2.204306550099755,2.55246719,3.535639005,4.21,7.3713492125,13.2701212,0.8095562703753153,-0.6836729175911542
sh.600516,2500.0,6.876027273396,2.587004817366269,2.80682726,4.715928565,6.25841544,8.2055211,15.5026802,0.8599716064574642,-0.05372225132897812
sh.600518,2499.0,8.112691977142857,7.111924168824765,1.60545915,2.19,3.29,15.134546069999999,25.8322285,0.6707760249676217,-1.2009785994903845
sh.600519,2548.0,1011.5308019884301,594.6434569586992,126.20835435,407.46289355,1038.0048966,1562.4570583500001,2279.85453,-0.14971937775921143,-1.570916786516189
sh.600521,2534.0,17.65375559424625,5.409094510528373,7.57853096,14.2532746,16.96789209,19.570120065,42.61804297,1.4582735798762627,3.144427464835433
sh.600522,2477.0,11.465540526233347,3.6879623543778584,5.30872092,8.58369872,10.5331151,13.84454995,25.68725244,1.064813755092409,1.33619041484716
sh.600535,2546.0,16.76067531645326,5.078126917508987,8.39562136,12.734593545,14.86748661,21.469409685,32.43289518,0.56641293522263,-0.7588658595465159
sh.600547,2512.0,19.39053016875398,5.45262037020446,7.70887975,15.054978675000001,19.07781726,23.81433247,33.63457055,0.0782356435819579,-0.7232082041461427
sh.600549,2548.0,16.590066632421507,3.837606615163056,8.62113787,13.3459671875,16.5639262,19.214619120000002,30.40769372,0.37346406156138806,-0.2079482680058864
sh.600566,2545.0,23.09089206906876,5.779878862568301,12.2498071,18.1960571,23.065184,26.86702546,39.77391435,0.4580416707970646,-0.21779692832691122
sh.600570,2541.0,29.344142309630065,12.650201124758377,10.90485908,17.78653334,27.66104298,39.9154937,65.111693,0.5040980393426576,-0.8539575341908829
sh.600578,2462.0,3.115865401368806,0.6664129297121352,2.20112001,2.64690752,2.9688857,3.346422865,6.75368238,2.1189078063909608,6.060636162493912
sh.600582,2539.0,4.13467054262308,1.339824695750154,2.22174675,3.035049225,3.89064006,4.91779288,9.59018688,0.9120713806933559,0.8629785427529013
sh.600583,2548.0,5.555391720321821,1.5415317374413062,3.52207388,4.52235927,5.35875216,5.976831,14.09159368,2.1944133215152135,6.600031566108459
sh.600584,2379.0,24.72838139105927,8.87053588165641,8.00420985,17.28427125,23.87639814,31.60382241,49.98966225,0.30441285080729785,-0.8094419729295672
sh.600585,2548.0,24.60027273506279,9.672372656770685,8.46196065,16.67543493,23.52806248,30.761076145,48.68981844,0.4293146701433821,-0.5131171899907248
sh.600588,2542.0,19.384172320177026,10.257908494763672,6.32501996,11.09192739,16.634179605,24.088708805,51.8831001,0.9840638380972068,0.06263176914098212
sh.600597,2473.0,11.25899037209058,2.688274907291794,6.83385264,9.27716853,10.74406905,12.75589051,25.11023456,0.9721675118193236,1.09991926609906
sh.600600,2548.0,56.61828198510989,25.65494212156325,22.8031218,30.9388245325,47.261396535,78.48746418750001,115.03819745,0.2658967706971064,-1.407450531781319
sh.600606,2522.0,5.325347026752578,3.5654538796505033,1.33,3.1,4.7953747700000005,5.77484152,28.4013185,2.894661813786082,11.93253323143026
sh.600633,2424.0,10.948868830235147,3.8456391222047466,5.30844255,8.0091774675,9.6210296,13.5117105925,26.61662764,1.009224467419967,0.7701913355377821
sh.600637,2525.0,10.501241675017821,5.909883810257238,5.53633184,7.175012,8.117164,12.525448,46.07904781,2.6974673629889447,9.171762256783815
sh.600642,2548.0,5.208753265211931,1.3265744627879463,3.60173418,4.27011138,4.69548646,5.69956863,9.36827759,1.3109392550151582,0.7189487210428758
sh.600648,2534.0,13.812130916712706,4.353307643168876,8.0847725,11.1107373,12.4046919,15.16924188,37.36157439,2.0403291189211283,5.252718767511185
sh.600649,2262.0,5.94946969407604,3.1224900898879504,3.04301163,3.9849998175000003,4.8291989399999995,6.364265295,22.13409384,1.955758859615168,3.5671291651629287
sh.600654,2112.0,4.64408388655303,6.897337114312649,1.14597845,1.93321582,2.3109434799999997,2.97,43.29461619,3.190653218050402,10.076623706817529
sh.600655,2311.0,7.741786411497188,2.143656212413542,4.75733139,6.12994965,7.2430517,8.67659257,18.22291539,1.5201353967671316,3.0016223042294117
sh.600660,2548.0,27.298882401875986,13.836002855403194,7.601815,17.4832346725,20.95810489,37.5496390575,59.6969568,0.5265255821669216,-0.8353550222877253
sh.600663,2419.0,11.423696559607276,2.781245381316557,7.49747102,9.489072565,10.27270756,12.992901504999999,25.43796456,1.265119219054017,1.5576211668309385
sh.600664,2413.0,4.392159842469954,1.619022585793888,2.4,3.19,3.73,5.28277736,10.25589976,1.0736090237677622,-0.1356733057211117
sh.600666,2196.0,3.859322784107468,4.523385795190222,0.5672538,1.095114975,1.8849999999999998,2.9625,21.3310929,1.6463877078135831,1.4146428772165969
sh.600674,2548.0,9.951117213481162,3.3277366704600984,5.57912643,7.40389068,8.50264158,11.79761382,19.64149472,0.9527184357251399,-0.2515800159448416
sh.600682,2232.0,13.95559953512545,9.51383637847274,4.72603014,8.124411550000001,9.89050688,13.86752822,42.86907072,1.4556740534285428,0.6483191843518443
sh.600685,2416.0,24.35553980468543,9.124281596185357,8.839135,19.12554892,24.164310049999997,27.58155828,74.09146584,1.4846627101790766,4.649367774907239
sh.600688,2548.0,4.0100648364678175,1.0233122881070864,2.41358049,3.157742355,3.7291993000000003,4.80041926,9.2110749,0.7825196918467462,0.47184264487484473
sh.600690,2471.0,17.444799314670174,6.55997528896421,5.92036016,11.8295592,16.79087839,23.15810076,31.63993344,0.005434705041759252,-1.241696629329465
sh.600703,2531.0,17.937717939909128,6.7641955682607176,8.45013465,12.3600682,15.982482,22.545867,44.41056228,1.0204867424184765,0.5081164029805434
sh.600704,2512.0,4.683108807555733,1.217670049578057,3.031196,4.0181411025000004,4.37711045,4.97716182,14.86662155,3.7786575134581764,21.07079878947759
sh.600705,2475.0,4.524804972274748,1.6367119575766065,2.1400928,3.5900233999999998,4.07955506,5.049435465,13.74998862,2.3550368340765586,7.349998023985844
sh.600717,2538.0,4.536133259369583,1.2615831852112054,3.22564725,3.77247126,4.13804244,4.8023849325,10.5648471,2.3260698494272947,5.889871306185322
sh.600718,2523.0,12.772006191569561,4.263872758691144,6.1982656,9.909101280000002,11.2693932,14.800986375,33.79335234,1.760288017879174,4.036562449279747
sh.600732,2160.0,10.83955829987037,7.334631867994645,2.42624196,5.033049615,8.80321801,13.8040099,33.8627038,1.1278139185478409,0.2756547265032361
sh.600733,2047.0,8.767567419316073,3.0637532446463656,3.71,6.58,8.05,10.15,23.21910657,1.5717282419044387,3.3509670341780065
sh.600737,2533.0,7.81922858837347,1.8927338439948274,5.09204403,6.59017279,7.38956881,8.75793756,21.17134935,2.138247650351057,7.124311320352064
sh.600739,2416.0,15.540766236858444,4.488930567997031,7.25809901,12.60890178,14.828928,17.576064,33.63398439,0.9518256074935292,1.0357416738214735
sh.600741,2520.0,15.991793591408731,3.7792097831421105,7.6279714,14.128719695000001,15.9393437,18.18654145,28.4134816,0.19119063358492863,-0.06709088927138174
sh.600745,2131.0,56.829936114594084,35.09837214405298,14.77305584,28.87325984,42.80214876,86.9255213,164.68948721,0.8674514590414134,-0.5263261594333035
sh.600754,2465.0,34.24952903690061,11.933535155219705,18.1840659,25.12044392,28.93945772,44.7575843,63.66788085,0.7698571327990537,-0.8135311335826576
sh.600760,2466.0,26.474400740470397,15.135275548492837,3.87296712,14.44049483,18.82203339,40.770097182499995,60.40855083,0.13536953301784582,-1.4847694783594676
sh.600763,2392.0,71.13881774704431,57.380185771987676,15.71947344,29.09915772,48.50847575,94.05867442499999,292.82080455,1.5569271527251942,2.0847416725100487
sh.600783,2547.0,15.71545117135061,6.569234781026128,7.5724048,12.01400192,13.21731699,17.69818756,53.24968648,2.288970473383568,6.6063665470098005
sh.600795,2484.0,2.9305637977616743,0.9880236936691325,1.5406812,2.14953845,2.57081994,3.56669292,5.70690804,0.8432917253852074,-0.29151642950867673
sh.600803,2485.0,12.619470605758552,3.5262181172742335,6.70184448,9.42029405,11.5989744,15.85740535,20.35281544,0.24374922329360302,-1.401727123909691
sh.600804,2463.0,10.398996582850183,8.135609067853903,0.14,4.39,7.11,17.17317765,45.71182121,1.2516698086403781,1.6244410847407358
sh.600809,2536.0,122.99148748771688,104.3981185994632,8.6698413,21.982304995,63.3492425,225.92439108,345.8246001,0.3117632041098391,-1.5700849482389487
sh.600816,2479.0,5.059001204457442,2.4901695980053233,1.2,3.19,4.4,6.41537385,12.03560292,0.8899907555478452,-0.03355135768718709
sh.600820,2548.0,5.620799026616955,1.480264694224954,3.869796,4.54031019,5.17545608,6.3128472,14.8377789,1.9879400168412014,6.2578133042358335
sh.600827,2513.0,11.628771335610823,3.2122836691030043,6.803601,9.0051654,11.22980935,13.4381819,26.8533966,0.8563967454648679,0.4912889311685684
sh.600832,70.0,15.575778100571428,2.6748440761974606,13.11167648,14.0482248,14.68089308,16.01348178,25.5,2.3328857643140397,5.142732552867476
sh.600837,2432.0,11.439492276533718,2.766020909232104,6.80082432,9.185167934999999,11.32141895,12.75955705,24.71878142,1.6213717870937647,4.438639975322975
sh.600839,2544.0,4.180746039886007,2.252305908792491,2.1030174,2.762904,3.35259232,4.55331492,16.39890192,2.173464775701924,4.6146049946165615
sh.600845,2538.0,18.271805052584714,11.51204875167029,4.08975529,6.642619815,17.70900778,27.87074985,43.3150496,0.22596699770360168,-1.4816404834700951
sh.600848,2381.0,14.484339507265855,3.904433959954253,8.02094072,11.43527851,14.24293088,16.93392304,28.01001617,0.6637620955340625,0.2786429226044089
sh.600863,2530.0,2.7670521472292493,0.8200496372538716,1.46723148,2.09841651,2.40769731,3.3977728099999998,6.23272205,0.6358229108015045,-0.4554865351314037
sh.600867,2506.0,11.226656314988029,2.801049813763611,6.61566186,9.24555156,10.920735480000001,12.481176832500001,22.24539679,1.1217309344645374,1.773267991577455
sh.600871,2516.0,3.0415103338632745,2.0836606284625376,1.65,1.93,2.11,3.16,14.22,2.32440008174222,4.714115880904606
sh.600872,2459.0,28.809858926657174,13.355228838096949,9.46586454,18.799759495,26.82101162,35.65208518,78.0730347,0.9601948714410975,0.8780255406077551
sh.600873,2427.0,5.80792170329625,2.501246065423349,2.56058712,3.67104582,4.69676544,8.429555805,11.1939982,0.5304890472486573,-1.2734130025859909
sh.600875,2472.0,12.359470941601941,4.360974104973035,5.7306228,8.73310878,10.915869095000001,15.59973976,28.19136657,0.708568475865745,-0.286114810097831
sh.600880,2378.0,5.766979370941968,2.7584602475011755,3.1865359,3.8886408,4.90881926,6.2678354,22.59312195,2.302365835330398,6.669166965992857
sh.600884,2527.0,12.892510950898297,6.571449954623138,5.2503111,8.646674,10.80738624,14.452129809999999,40.59253345,1.7576587769264762,2.7753880702040963
sh.600886,2488.0,8.698361605044212,3.1267356415533083,4.55662844,6.2487393,7.7721845,10.06440302,17.93480447,1.0189166438523776,0.1075067218041097
sh.600887,2524.0,23.136187224809827,7.307041604053874,9.32863236,17.758284255,24.32511,27.60655653,43.05368649,-0.2055221069541204,-0.7690318185121252
sh.600893,2513.0,36.48822136005969,11.221769545956159,18.77703417,26.71611434,35.55602694,42.91739568,76.6322554,0.6835856947425055,0.1964460385824922
sh.600895,2545.0,16.86473597344597,4.590512763568815,7.41869902,13.7997,16.25621634,18.739422,34.9042473,0.9254355706274247,0.9448087181311515
sh.600900,2429.0,16.197588592890078,5.864491691567958,6.3108405,11.86109034,15.2633628,20.18550299,30.11625327,0.529907099725163,-0.5631835865297896
sh.600905,982.0,5.146676769276986,0.8129361429617746,3.60645054,4.47743224,5.1152472,5.6859533849999995,7.54333503,0.552990136325389,-0.6678967095222781
sh.600909,2073.0,5.447136340849011,1.3403956203704206,3.29576815,4.52464435,5.0507856,5.89267462,11.69929012,1.4933550759693464,2.209302909667253
sh.600918,1230.0,8.634435406682927,3.143841460406089,5.3250369,6.589623824999999,7.11239367,9.7807641975,20.9285391,1.451848371870982,1.1044795422408105
sh.600919,2156.0,5.5273927637198526,1.4445049567631858,3.6983501,4.48004022,5.295531329999999,6.065686765000001,11.84727132,1.4371942494099235,2.297549326775843
sh.600926,2107.0,9.732038933374465,2.72332720894472,5.68812299,6.99065832,10.00735164,12.045517230000002,17.04883632,0.14595912784169607,-1.1953610154299552
sh.600928,1536.0,4.128318273138021,1.2057014015643925,2.8706601,3.30775305,3.70367816,4.48657188,10.08752458,2.0606342240506157,5.005338535461698
sh.600938,773.0,19.906937532302717,5.690566148499252,10.5778368,14.34964475,18.1660458,25.57980705,32.1104049,0.18804236116710057,-1.4656620399679163
sh.600941,842.0,82.36114760365797,19.87263381299772,47.54731838,60.62308525,87.42840078,98.4264356325,113.94767709,-0.3945540628195657,-1.2574173798759776
sh.600958,2486.0,10.944715625048271,3.8471213286063755,6.5178918,8.3972053225,9.68363978,12.642308419999999,32.81447083,2.3708902561675296,7.472888780776824
sh.600959,2371.0,5.664084931429776,4.501623888605296,2.57673294,3.1207872,3.60054662,7.17719786,45.4919274,3.1177447653057717,14.93695728608382
sh.600968,1458.0,2.841880142139918,0.6455637857455341,1.96587675,2.31407559,2.694677765,3.1277887625000003,4.6819122,0.7788610209478479,-0.5288275430845206
sh.600977,2157.0,13.898324911557719,3.522653444567114,9.63566183,11.71006746,13.05514614,14.8449398,35.5014924,2.2011540382369357,6.31704665940825
sh.600989,1486.0,12.536300209030955,2.6470201828541193,6.6750298,10.95016748,13.08851186,14.639691855,18.10753952,-0.5600516356520692,-0.7665497391844349
sh.600998,2536.0,5.34175567738959,0.9642932585039509,3.56598944,4.69630596,5.24282304,5.810544945,10.45800603,1.358947150476231,3.8419399283566245
sh.600999,2536.0,13.762075556348579,2.980881046463764,8.01231685,11.741350650000001,13.018470090000001,15.59342116,24.4902839,0.9346492387590014,0.5171739086042693
sh.601006,2548.0,5.325137945298273,0.8413036105292522,3.433902,4.80220972,5.26141616,5.942133855,7.640568,-0.04383682317557415,-0.3860029742453781
sh.601009,2541.0,6.423187864746163,1.821363825360039,2.94430719,5.06235516,6.03682868,7.75443784,11.70599601,0.46213717889665523,-0.5962474120887009
sh.601012,2536.0,20.90475905029574,18.464032620413146,1.9582016,5.4642373475,13.754073250000001,33.069788700000004,69.5284794,0.95418924407516,-0.4554126297012151
sh.601016,2533.0,3.361484931172522,1.5743101404393842,1.64280802,2.41552,3.00383798,3.71825182,12.84770286,2.6880092337412607,9.930336585533578
sh.601018,2411.0,3.807065948751555,0.9027084255420096,2.69587395,3.3298125,3.53479178,4.15479874,10.5938241,3.508696545413415,18.371540507712872
sh.601021,2512.0,45.6773330769785,9.782331858645433,12.29261815,36.03132432,46.816313005,53.89851531,66.38483882,-0.16871175200881264,-1.0582150082233521
sh.601059,585.0,15.69538540403419,1.8761736322981508,11.73391164,14.40869061,15.34890462,16.66907262,22.08503908,0.7748780400127165,0.6221698374964943
sh.601066,1705.0,24.791582241325514,8.344971667918527,5.7986624,21.3287623,24.31784902,27.57953016,55.54215408,0.507453135256982,1.6531626403951867
sh.601077,1375.0,3.749057455207273,1.0107196970997245,2.81425675,2.97091184,3.3696222,4.1358159,7.38408384,1.4548835997264002,1.587261374862206
sh.601088,2484.0,16.90168987619968,9.619904399771253,6.26979237,10.27396265,12.16931125,23.5563836025,40.2763284,1.0240330777097397,-0.2551652404360789
sh.601098,2548.0,9.948508737955258,2.2242189752423176,6.54946028,8.1540543,9.21216582,11.45856864,19.97424414,0.8487328176195779,0.5453622506254625
sh.601099,2532.0,3.8427347579462867,1.2418668369971841,1.97,3.1,3.62,4.18,9.91803024,2.0352961088928767,5.30919468447356
sh.601100,2509.0,38.4703303917776,28.928429334479585,4.13876178,8.65746495,42.426509,61.08430633,124.80150228,0.425832372362514,-0.9201744792117803
sh.601106,2539.0,4.008735722725483,2.336470269066326,2.2,2.88,3.15,3.995,20.98,3.488250166484128,14.949856908463419
sh.601108,1859.0,8.803258607294245,2.2760402990354014,5.60158755,7.21067164,8.25904512,9.5443234,20.26984608,1.8505278288090745,4.414005242231111
sh.601111,2526.0,8.459686143570863,1.481162352263921,5.79688452,7.3,8.1,9.3175,14.4544512,0.9274928912708541,0.3391788974896519
sh.601117,2545.0,6.4942103526444015,1.620518341122492,4.193532,5.1931069,6.03592261,7.57091856,13.68030488,0.9333634203850412,0.42206534218735703
sh.601118,2423.0,5.564025223454395,1.424482609145569,3.89454744,4.66946103,5.1552436,5.86736799,13.59051808,2.4649889993098997,7.528100800980681
sh.601127,2171.0,42.53256761383234,34.572304252278364,7.6050832,16.43199353,27.0876128,64.98053761,145.5943057,1.181140423963495,0.5064179553758352
sh.601136,608.0,19.245993170049342,3.1822300009758067,9.930081,17.150362015,19.68022163,21.340214,29.6206104,-0.2574129200315513,-0.20612283372742546
sh.601138,1712.0,13.943601118633179,4.7286159819356905,7.5559152,10.39100112,12.35307512,16.794190557500002,27.520507,0.8910705621168291,-0.2530414377072341
sh.601155,2313.0,21.628551045737137,10.118689380112011,7.33481805,12.8,20.78,30.10026075,48.5864448,0.4395838798157335,-0.8900135875145976
sh.601158,2541.0,4.814047280129871,0.6713931715207512,3.7368235,4.36827699,4.6997316,5.0840712,9.4210842,2.1892644500059304,8.390871369281285
sh.601162,1618.0,4.671982722249691,1.8004278725631386,2.13,3.06,4.28323825,5.8345509925,10.94040123,0.90963536879253,0.19476092245123633
sh.601163,2134.0,14.234628340524836,4.724651747699134,8.85509144,11.33890104,13.19767001,14.71832544,39.020388,2.2479176658733473,5.443143804161606
sh.601166,2543.0,12.960667837141173,2.8231017774148053,7.3885884,10.56152204,12.70652475,14.5262247,23.48129472,0.7595540648323874,0.38584379384093204
sh.601168,2354.0,8.768466386656755,3.921948801521416,4.10507704,5.330454012500001,7.781671155,11.22943445,19.6081093,0.7314531568296387,-0.5368591670762659
sh.601169,2509.0,4.175337160653648,0.697345108003113,2.9700972,3.58741,3.97259198,4.62154301,6.83607042,1.0200652363534777,0.44870310854932516
sh.601179,2548.0,5.037364459870487,1.3972943984800883,2.91878496,4.0925193725,4.848240215000001,5.5027491825,12.390882,1.393648148595037,3.174980588195886
sh.601186,2548.0,8.430179316126374,1.9248316420625189,6.11717286,7.205003705,7.99223824,9.16084582,20.67907023,2.5040108695612235,9.05609727214687
sh.601198,2507.0,12.458605791699242,4.996869798033449,7.04659877,8.86127316,10.75432236,14.827862625,36.80401044,1.5649537537231648,2.474867797843298
sh.601211,2413.0,14.570917803638622,1.80041217836884,10.88593652,13.41769338,14.153685,15.38797758,25.94354632,1.4152949191067226,3.4841406782429334
sh.601212,1991.0,3.75321912357107,1.9171301758668846,2.26,2.76,2.97,3.91,16.5391776,2.87212521169425,9.726923400815386
sh.601216,2451.0,3.4975553921868623,1.0879312922899593,1.69518744,2.5811145250000003,3.50801736,4.01407737,8.35919452,0.6941307144140507,0.8878495504262451
sh.601225,2548.0,9.310203938155416,6.473123775440174,2.2094196,4.73840948,5.8576596,14.995346335,25.78194948,0.9184749254894697,-0.5550145124496741
sh.601228,2004.0,3.773760688378244,1.2324984460630426,2.7323316,3.06691152,3.21165325,3.7938132,10.26081489,2.2657997904562106,5.201845554944715
sh.601229,2093.0,6.000115097262303,1.083279445528694,4.48755318,5.3357391,5.85238554,6.3202387,10.66948272,1.9733593014644475,4.865241584561488
sh.601231,2538.0,13.30209590510638,3.299271501535829,7.0332471,10.88101168,13.382093865,15.271289082500001,24.54983255,0.3213472364407047,-0.019860757726653855
sh.601236,1445.0,10.328102098214533,3.5556748320007596,4.17191532,7.54522375,8.58329275,12.19713138,22.29827538,1.0115869536187811,0.09549776208009053
sh.601238,2538.0,11.282346488762805,2.754160422038147,4.76949843,9.241974729999999,10.755536565,13.482713775,19.21677282,0.29364926623956317,-0.5655081230486547
sh.601258,2029.0,2.095905675278462,1.0990693588324387,0.4,1.25465787,1.65,2.74274046,7.76622697,1.556106135099651,3.147359582521236
sh.601288,2548.0,2.6301376532182106,0.8360105846249091,1.57142014,2.27526108,2.38589802,2.5589854350000003,5.86178272,1.8086356876186334,2.6104840761144703
sh.601298,1554.0,5.867048297220077,1.3521715559352585,4.25493978,4.8360385575,5.37820857,6.4391198775,9.62917111,1.0124968103520118,-0.3050089772736735
sh.601299,75.0,18.154933333333332,8.645511782536762,7.81,12.440000000000001,13.88,23.075000000000003,38.46,1.1150252069922102,-0.29317958611974904
sh.601318,2548.0,43.19927620436421,13.563534984844464,17.54852526,34.8347022975,41.99904378,52.822482945,73.72565774,0.16329654072608138,-0.8627679612175396
sh.601319,1604.0,5.5976216656670825,1.1462362713875864,3.76400488,4.7272308,5.31470085,6.291213745,10.78584742,0.8281105449522346,0.038812964909373804
sh.601328,2548.0,4.154279494364207,1.112193997569195,2.82964125,3.5009052,3.7699765100000002,4.105154987500001,8.13913152,1.7221290447869084,1.9228176806915038
sh.601333,2548.0,3.181872592123234,0.975889224425369,1.8276408,2.2678056,3.036272055,3.8020509,7.54321732,0.8843903113067066,1.0896811701417035
sh.601336,2523.0,36.99640719467697,7.571937517929567,21.03547722,31.234561415,35.8753883,41.951197205,58.21835684,0.3887007615050506,-0.5736758851437314
sh.601360,2424.0,14.929208821394388,8.203175117971748,6.1443476,9.873063244999999,12.00842028,18.3015857575,60.2291436,2.2320273239081034,6.304441796987339
sh.601375,2060.0,5.010838954320389,1.6432336007949206,3.2619345,3.89413515,4.55091624,5.31912646,12.49162278,1.934588870465563,3.4597821692504787
sh.601377,2530.0,6.388950782561266,1.5960505481990428,3.29333826,5.4554635975,6.0818544,6.890705755000001,13.99563878,1.747212080308447,4.4267779921941575
sh.601390,2462.0,6.068264522526401,1.7756909086961274,4.072375,5.00629098,5.68979704,6.670953895,17.3183548,2.9933575744571903,11.989160875880634
sh.601398,2548.0,3.858952425231554,0.9572810422296837,2.30557577,3.4835780875,3.74872812,4.0800553,7.4328932,1.3020360324413112,2.134169406192863
sh.601555,2530.0,7.895272288114625,2.471869401467635,3.81004825,6.342492345,7.438336595,8.559766815,20.72028798,2.316721985416416,7.102594663144458
sh.601577,1636.0,6.95273931423594,0.8228703514764866,5.32637588,6.38711472,6.87779128,7.31476868,10.12050945,0.8248350149192394,0.7366097741125874
sh.601600,2439.0,4.8346000877244775,1.476752761347881,2.57114825,3.66505496,4.5174768,5.7413349,9.88255891,0.7772807539274567,0.05141167595742324
sh.601601,2548.0,24.853270570302197,4.557699848901825,13.49978041,21.532506124999998,24.69792516,27.79176819,39.59389716,0.31578744515046336,-0.30898935701878916
sh.601607,2548.0,17.522431673233907,2.143142165154211,12.19906785,16.06933424,17.25899299,18.9068394425,24.76152924,0.33575949544531286,-0.07239453258692974
sh.601608,2398.0,4.32289207177648,1.5788039955933977,2.37810452,3.5394550424999998,3.9242303549999997,4.67618068,18.0937404,3.8897604180573926,22.252509530200186
sh.601611,2200.0,8.657647040536364,2.7043619532398555,4.62849,6.99104329,7.82816,8.90345346,21.92052864,2.017521422015994,3.758775240592987
sh.601615,1558.0,15.4486818967009,5.980620416581883,6.16707396,10.40759592,13.77391887,20.2726377,32.67703004,0.7994056436941169,-0.4938331291625584
sh.601618,2476.0,3.34675571861874,0.8993487719900466,2.0993568,2.81748194,3.15333011,3.7077707925,8.9393738,2.3663930171765566,8.66358658788479
sh.601628,2548.0,27.824504670910517,6.323095497862724,16.70081612,23.1813324675,27.231799119999998,31.7627767775,48.0652175,0.49441513922780655,-0.29304117126318907
sh.601633,2526.0,18.86712588594616,12.651538249004464,4.89617492,8.56977045,12.88329942,26.1342151125,64.94034,1.1946202852663825,1.1959528166983242
sh.601658,1345.0,4.219560812416357,0.4658244288096098,3.25312392,3.8567964,4.18576964,4.4683208,5.5346876,0.5547970418472146,-0.22295193122377377
sh.601668,2548.0,4.346336704132653,0.7563512531999058,2.41635328,3.9637820925,4.382341705,4.86841406,6.2500491,-0.4213327083524206,-0.0581863254878785
sh.601669,2533.0,5.551946978105014,1.6244697474381136,3.02850966,4.47510502,5.30174424,6.61044237,15.17165052,1.5154315016404751,5.116648411210491
sh.601688,2548.0,14.856382886126376,2.4302927857549275,9.63883459,13.05980438,14.698766535,16.27008799,25.85630971,0.912214676576067,1.6471679953888363
sh.601689,2490.0,24.657416956799192,16.419267353442553,6.13588032,10.48874025,16.35132762,38.957192625,73.92022572,0.624792211657874,-0.916733378962427
sh.601696,1296.0,14.166105447955246,5.596796841047769,7.72245516,10.5950009,11.6697555,15.6063178325,37.9262709,1.5906847590677018,1.7284016872992582
sh.601698,1456.0,15.834561818715658,3.6758954756630957,3.87996112,13.130377325000001,15.761398499999999,18.62442252,28.24742355,0.07223310959151101,-0.43248874383419755
sh.601699,2529.0,8.56716134188612,4.793233599151302,3.67337818,4.88298278,6.20171037,11.9030544,25.13817879,1.0646850505781438,0.08807354988331006
sh.601718,2538.0,4.763652064054374,2.832650250858778,2.29248944,2.87549322,3.33886515,6.6244884375,23.83649796,1.8455360608190718,4.285776101083345
sh.601727,2288.0,6.100135440249125,2.7603221741808004,3.48,4.5,5.06281229,7.22,23.762675,2.7912334813802437,10.209566233300707
sh.601728,932.0,5.011542477038626,1.3948210047855585,3.16833792,3.53962752,5.21346851,5.8410212475000005,8.2998858,0.3088077209132343,-0.913231046682581
sh.601766,2510.0,6.843311602250996,2.3933695724992323,4.21626548,5.231703465,6.574967,7.72732618,27.17859768,3.5318996194786223,20.733574516896073
sh.601788,2546.0,14.746048451272584,3.7447259386857654,7.15279358,12.5277545,14.47835487,16.093454765,32.1755742,1.257564057310245,2.9995784257470453
sh.601799,2530.0,96.27730021391305,56.18383802114324,16.16493108,42.59552837,94.27989067,138.0043395675,222.84646272,0.3074663194489944,-1.1384820204298007
sh.601800,2548.0,9.161168026793563,2.21367852351895,5.4721457,7.4669903775,8.93572536,10.396499137500001,17.9974707,0.7374208576166417,0.3711254026999051
sh.601808,2548.0,13.259531367158557,3.077233958141032,7.6231953,11.1098638225,13.19882512,14.9103805925,27.86093046,1.0407951140296559,2.532287661147166
sh.601816,1319.0,5.1026150506141015,0.5714205963838753,4.1215678,4.63298526,5.0617411,5.49157896,7.20894022,0.5443664130115033,0.13260296584345888
sh.601818,2537.0,2.6802419460268037,0.33779898784356305,1.95236694,2.48457531,2.60423856,2.81578894,4.07463704,1.272425328825244,2.1511120718354286
sh.601825,933.0,5.794780572636657,1.2317338061536287,4.30311,4.9297248,5.26619808,6.24832596,9.89311481,1.2436836303947976,0.5831196235970406
sh.601828,1799.0,7.4535719730850465,3.3141864222243727,2.08,4.4274195,8.48867082,9.6408409,19.52554496,0.21680418388921419,-0.5988591672502794
sh.601838,1795.0,10.122724363688022,3.3265024690875324,5.55867504,6.64466857,10.049702,12.52281632,19.92603456,0.39765380909298464,-0.7619648898610012
sh.601857,2548.0,5.6156959378257465,1.61190867710717,3.1376646,4.37431509,5.448061895,6.4700285325,10.10177565,0.5433997131254785,-0.42748892472988365
sh.601865,1546.0,26.339812954126778,11.6827522672774,2.72583648,15.8133473125,25.69262836,34.9234870275,57.24075225,0.1930134593038829,-0.9032916479505575
sh.601866,2440.0,2.7708911453237706,1.0481934360726326,1.51510632,2.25654618,2.47866231,3.0838302225,9.4709055,3.1331286877489957,12.66127271129552
sh.601868,907.0,2.2477508315545753,0.15516633797710164,1.97002365,2.14470555,2.223,2.30204,2.87752131,1.0535275844416219,1.3588279563427377
sh.601872,2448.0,4.574170404930555,1.4612272128720734,2.2959783,3.451520415,4.15854591,5.7878583,9.09801888,0.563798465711604,-0.5912239258979719
sh.601877,2411.0,24.00015456271257,7.868415982661688,12.46417,19.17474219,21.756384,26.479997495,58.14383045,1.7675433953223654,3.286625206844593
sh.601878,1946.0,10.833725859789313,2.55912003972097,5.26365925,9.52357006,10.39455386,11.9445190375,21.29101296,0.9888745209981644,1.7375538872652894
sh.601881,2046.0,10.20405309572825,2.19701405138862,5.0529531,8.92756134,9.82990932,11.200439750000001,18.3537882,0.8543509923797825,1.216111773257869
sh.601888,2492.0,98.38164408767656,77.86757942911157,18.63754044,33.7202520425,69.379984905,167.86564947,364.54845042,1.0253246341967905,-0.011124264592714983
sh.601898,2548.0,6.05695072728022,2.610837279084763,2.96180064,3.96921827,4.94181201,7.70207774,14.01534675,0.9969709658586161,-0.076778422866564
sh.601899,2518.0,7.157078943606036,4.797970583543574,2.22387478,3.019873145,4.111023595000001,10.51251302,19.62874234,0.7818193292656452,-0.6443769796187784
sh.601901,2535.0,7.646353680220908,1.6108346956588229,4.30591077,6.657840845,7.33882394,8.272923500000001,15.65412561,2.0031527859328544,5.777596727035805
sh.601916,1349.0,2.739619673647146,0.3119709280868101,2.17640775,2.49021276,2.73565292,3.00378276,3.6987392,0.21061849606727845,-0.7186964554689417
sh.601919,2405.0,5.7475788616507275,3.903571070714782,1.36821732,2.30505402,3.5512647,8.49259949,15.06469998,0.6394637971334729,-0.9200333315807567
sh.601928,2546.0,7.222113597666929,2.170538779032688,3.98507,5.4784967525,6.53783783,9.16665076,16.22682852,0.8021871184713892,-0.0802520435991445
sh.601929,2541.0,2.8407787683825267,1.5417844488776318,0.91,1.92,2.18113269,3.385692,10.70015895,1.8861228020865881,3.605962895659764
sh.601933,2536.0,5.646596234873817,2.291713509366161,2.09,3.84067803,4.93407635,7.52706561,11.00866988,0.45453874975318587,-1.0475980048685478
sh.601939,2548.0,4.850878463434066,1.2893222741856647,2.66660262,4.2804909,4.69495113,5.2109906,9.37214025,1.1099411009401594,1.6460558415748499
sh.601958,2548.0,7.235377594831242,2.0641078771895907,4.60255932,5.5835371075,6.4054518,9.047915865,13.97051085,0.8415150329821959,-0.46438355389276165
sh.601966,2162.0,21.62936777054579,7.828760773332808,11.56707456,16.818315955,19.229179135000003,23.17117735,53.8964244,1.6316657834726513,2.3575350560627872
sh.601969,2506.0,8.452449780989625,3.737610341998264,3.76506006,5.6630329575,7.006969455,10.87471662,29.13651156,1.6281910987933979,3.8039037436701606
sh.601985,2443.0,6.244717528456816,1.762627218919525,3.50784499,4.77692904,5.94518595,6.9423879,11.9594696,0.8824228163866026,0.12600304366405712
sh.601988,2548.0,2.7904021024803765,0.831509837115854,1.79720112,2.37316364,2.48861444,2.7017260875,5.689046,1.8187965921846427,2.4753052735800023
sh.601989,2402.0,5.512384939808493,2.3773750039280994,3.3788758,4.11427818,4.61117168,6.0422544,19.3117836,2.5713306637856737,7.772525739154701
sh.601990,1709.0,8.95626328276185,2.0850063378769983,4.18619292,7.6540256,8.18155233,9.50269612,18.120375,1.558025332179156,2.0465232153667685
sh.601991,2538.0,3.0577447281008667,0.8891070392575806,1.842273,2.48345625,2.82280422,3.33591132,7.52098016,1.7554627395259146,3.945285155989309
sh.601992,2532.0,2.957994624992101,1.0278639735578927,1.23055888,2.34705652,2.75598064,3.46050194,7.35863176,0.9495969757650211,0.7983711739603256
sh.601995,1130.0,40.970033735849555,9.210813128882124,26.3277486,34.404148357500006,38.746791189999996,46.10150772,73.14573006,1.032765255593794,0.5493227240526259
sh.601997,2152.0,6.0751570280018585,1.113431978406663,4.3987863,5.0821633649999995,5.918027445,6.7696399675,10.31338504,0.6582635766988513,-0.29884708373142743
sh.601998,2546.0,4.439511675781618,0.9094415614514237,3.32289782,3.83445441,4.12416162,4.70023279,8.41260968,1.6487509707198245,2.4280971731360186
sh.603000,2548.0,17.679243052005493,6.359729802697751,5.76811914,13.000721737500001,17.296834304999997,21.0209696075,41.5045288,0.6828973915267296,0.5332551188097452
sh.603019,2522.0,29.534965435174463,14.060576121312964,9.73367716,19.688745215,26.56833367,35.6298876575,86.93165322,1.431653145579327,2.1533756321217283
sh.603087,1214.0,63.02802175686162,34.8461364320741,29.99360881,40.2983482975,45.76034925,72.368113675,195.59515842,1.3485943100506323,0.48779720355469225
sh.603156,1787.0,19.02813552214326,2.6730307219412848,13.24595056,16.97255796,18.89346492,21.238151085,29.40148917,0.22589376531970523,-0.6219007193893167
sh.603160,2105.0,103.06409388306889,55.80820627967959,26.9334486,65.32833888,87.10756302,113.18953744,365.54825136,1.7292065775087362,2.955672262162375
sh.603185,1574.0,45.81396855378652,35.567278373411575,8.22859622,14.83702059,33.447322435000004,71.15913654250001,168.1462491,0.9138347160600796,-0.01536892291260461
sh.603195,1310.0,49.277905492099244,6.051882463958999,25.05624919,45.460556437499996,48.254925920000005,51.52510336,77.3568728,1.0124766780820111,2.1080179188876262
sh.603233,1921.0,23.234414136996353,8.86550542434604,11.32252358,15.66887868,22.23314826,26.897292,53.67164726,1.0306988858935446,0.5669564366989754
sh.603259,1735.0,69.47781456740057,30.39684822604334,12.2207761,44.846091189999996,64.26985968,86.33047273,157.041024,0.7203997873351077,-0.1872658594261254
sh.603260,1861.0,58.81449918379366,35.515622863092155,18.38183175,33.31261704,48.02412095,69.56606584,233.94588503,1.768125819016829,3.521751108823365
sh.603288,2548.0,41.923803689591836,24.962382398428044,9.29807445,17.79027965,37.78425154,59.334428020000004,115.78994784,0.6998603312666146,-0.2918836928475401
sh.603290,1312.0,161.97331710890245,71.25127511925444,12.6981633,98.20859969,146.187848395,228.12152218,336.67380589,0.4671891725841654,-0.9376419822274427
sh.603296,457.0,57.873807964551425,11.518447683627166,36.86060952,49.70376096,54.2148394,63.7130502,99.6324794,1.0586698032873818,0.7607240367392469
sh.603338,2483.0,42.36358176240837,23.22632371445305,5.72919831,21.639807255,42.72844064,55.49838966,128.17500794,0.782237731877376,0.3175573475060176
sh.603369,2545.0,31.269623196157177,16.913895923032523,8.33701626,13.35091512,29.83706076,46.49974875,62.459236,0.07175083011697421,-1.5767961329732634
sh.603392,1252.0,81.70739490661342,24.191805088330202,4.3597386,66.42413736,74.26828386,100.431422805,142.9143232,0.14526227254634377,0.023982442234419032
sh.603486,1721.0,65.74609831717024,44.30240686966396,17.82242784,33.74825111,49.4823869,84.15185184,241.13287181,1.3708030802875262,1.339898131441056
sh.603501,1810.0,106.5933167025967,56.38349113971115,7.34711898,78.25905834,102.03218386,136.5268346,249.65542612,0.3363000159148084,-0.4656671979451801
sh.603517,2012.0,37.85682826440855,19.057412511652895,11.4642507,22.8230541,33.28835472,49.26559401,95.10711925,0.7685491889157802,-0.41991602069073375
sh.603658,2140.0,53.54994960405139,21.89413352445238,14.02737,39.341492169999995,45.949855725000006,59.460627765,125.2261296,1.397027807880768,1.2558583351082722
sh.603659,1801.0,25.28207623364797,13.876826447230277,5.5278356,13.6295442,20.1147048,35.2950064,64.8395269,0.8999245099252772,-0.25814681868040834
sh.603699,2538.0,12.80725593538613,4.377180859065686,6.10277272,9.699675025,12.22160908,14.057813985,32.75389575,1.647648853881261,3.4576620845877497
sh.603799,2496.0,34.72654539905449,22.513571856113924,2.68311972,17.9253564525,29.052037804999998,46.531267155,108.2328527,0.98828853597713,0.19984257486160173
sh.603806,2529.0,15.766779795219453,11.937629047525746,4.04378706,6.25220068,10.14332949,22.51284993,57.72436222,1.1038602727026134,0.2173596466218335
sh.603833,1999.0,80.6958114543872,24.79591641147876,37.90547698,61.58651673,71.7842664,102.47713818,144.8471568,0.5886546515970216,-0.7610184526496893
sh.603858,2091.0,20.32968206565758,6.603656609764027,13.69697945,16.51966888,17.97333252,21.35972683,63.09021312,2.3529304075415545,6.277480066507454
sh.603882,1892.0,55.81593834082452,30.508970052863567,8.77475532,28.3656140925,52.519763145,73.12422049999999,151.943169,0.783854787259594,-0.05850829327695406
sh.603885,2441.0,14.246398146788202,2.7848679125371945,5.2999107,12.39511952,13.9958676,15.83588376,25.82472015,0.6953252356538321,1.2466397417298207
sh.603899,2532.0,35.53427463374012,18.09323821618635,8.15147296,19.4009544975,31.737694335,45.0472164225,89.980758,0.9090716033956318,0.23532176389965898
sh.603939,2401.0,22.52004612677218,10.039319053599623,4.15956576,12.54683763,23.5751642,29.8282743,46.34297136,0.1177658641512043,-1.0402578631609545
sh.603986,1944.0,98.23373231156893,43.05125834711919,5.92950497,61.34588456,101.1179405,130.387749975,226.4754831,0.010287895969946878,-0.8831140492085705
sh.603993,2529.0,4.9237523839897195,1.434420003105114,2.5445178,3.66969532,4.6720888,5.8248463,9.0375684,0.6344004805951843,-0.5038013215982082
sh.605117,1016.0,55.59075402000984,21.281769132492688,8.6292044,40.929561225,55.32477395,65.00877187500001,117.467174,0.4282781832334744,0.1515183498171333
sh.605499,992.0,154.16027033355846,50.4441857789331,47.87738628,126.009172475,135.97025905,170.932011655,333.7094055,1.4570548571563136,1.8143554296748072
sh.688005,1439.0,39.22585645444753,23.305942116929923,12.8415756,20.89308228,28.9035404,50.9464605,100.59877425,0.9469501409332547,-0.4311823817990188
sh.688008,1440.0,66.47077723120833,13.07240790177454,42.2137848,56.43176265,64.134263175,74.9927859,114.38752584,0.7655503441372351,0.44725973879318204
sh.688009,1440.0,5.096157875534723,0.9133042100080204,3.6310384,4.42085497,5.040998665,5.49940104,10.3478072,1.7418684274785001,5.4310192139285585
sh.688012,1440.0,145.60242444041666,38.120961292916185,61.13327864,119.25017805,146.19689210500002,169.44615075000002,283.5844084,0.15484083701466242,-0.026566388248909334
sh.688036,1391.0,75.0503348536808,26.161976343953977,23.34580848,53.905848750000004,80.6327569,93.51751721,155.832168,-0.18373861931624652,-0.6860114620026936
sh.688041,686.0,83.24790010431487,34.25658105529787,37.6671708,58.228663725000004,73.84778019000001,93.46540437,169.72974531,0.8563410863121543,-0.530954995613524
sh.688065,1177.0,63.13558974322854,19.8556313262203,32.5272352,48.60243284,59.6604021,69.54483407,133.22153617,1.2343180975370436,1.2434776489274046
sh.688082,875.0,98.29787440558856,13.751903770433826,68.2790973,86.21662168,99.56943191,108.517648915,135.7705482,0.1427377887278586,-0.7459283689492437
sh.688111,1361.0,287.7697242433505,76.87572082103446,124.5141345,237.80388621,281.72431199,336.1206618,512.579133,0.31031278126353584,-0.38460108560771333
sh.688126,1249.0,23.22170483458767,7.521816248241335,10.3525968,18.2317408,21.4,27.3176904,63.731304,1.320944003427048,2.3669900181296573
sh.688169,1299.0,166.06201954504235,61.41922120155207,79.9554504,121.54067445,152.18855949,197.3133855,374.62243905,1.002750147148361,0.4621864011480259
sh.688187,920.0,48.286027791826086,9.185320345273132,30.6889482,42.207820725,46.755281475000004,52.983082100000004,82.08847528,0.8990783150882021,1.3050030555145016
sh.688223,827.0,10.461614775489721,3.4523713281744253,4.88,7.564801965,9.58621656,13.30319375,18.3051946,0.40944641510065966,-0.9532323029916228
sh.688256,1199.0,135.71420468390326,120.93797240693058,31.71938,57.718542,98.296548,138.250896,533.7976,1.8290759414862778,2.1776507988897853
sh.688271,690.0,138.2005087037971,24.656697588338844,92.58614228,122.517471,134.34684148500003,145.1010061725,213.5509672,0.8196618302521718,0.19891565685722545
sh.688303,953.0,39.274598407471146,15.034820809982932,17.14,25.48904157,39.69556416,49.8638736,82.14592715,0.27183568290638754,-0.9489853050156989
sh.688363,1369.0,110.7705260545946,50.37728142582756,43.7162466,64.25158092,107.55217,139.14452133,300.938592,0.9668702118792836,1.0447108414154478
sh.688396,1295.0,52.87193992714286,11.263174709137104,31.96025806,46.05032124,52.72666854,57.76695388,98.8696,0.8810202243600253,1.4067854650899352
sh.688472,497.0,12.11149573969819,2.251366540644635,8.3571614,10.30782585,12.07201385,13.7239641,19.23702288,0.4470633870288462,-0.13680997369697545
sh.688506,598.0,149.05245819397993,65.58453073325751,32.05,90.88749999999999,134.82999999999998,192.7625,338.2,0.6222919337373226,-0.3553730197325824
sh.688561,1197.0,62.08958228905597,29.137288350164336,20.5,34.54,54.26,89.41,139.0,0.4240499551864072,-0.9977520044675958
sh.688599,1225.0,35.54020711969795,20.17538932450774,12.92,17.4487755,26.16,54.77593248,83.13998976,0.6272496844540737,-1.1166494728226937
sh.688981,1201.0,56.990549542048285,16.16759153464378,36.83,45.47,53.43,59.02,104.98,1.3455620700411774,0.8726967527455751
sz.000001,2548.0,10.442480264854789,3.0073947677758337,6.04476972,8.106860339999999,10.04635968,11.72165215,20.7993164,1.1007030606560344,1.0674085211561732
sz.000002,2413.0,16.629032125192705,5.800114811730475,6.22,11.34,17.23170956,21.5136032,31.07889738,-0.1465232972384003,-1.025176366980672
sz.000008,2392.0,4.598537707838629,2.913574016899553,1.81,2.41,3.06481482,7.23276768,13.50247662,1.0593352565417478,-0.31379337752184044
sz.000009,2516.0,8.958573623199522,3.8230748916245507,2.9602188,6.53404368,8.285478014999999,11.0151263425,28.61134458,1.428518432960705,3.5536795644032053
sz.000024,100.0,28.887149513700003,4.667794468320733,22.60140321,25.07637071,27.30252151,32.6825,40.5,0.601855448787124,-0.8295238796518007
sz.000027,2548.0,5.559239847295919,1.352709480409796,3.47668042,4.54282195,5.25869177,6.36068664,11.847132,1.0563207417420586,1.4644027295775612
sz.000039,2542.0,7.606695893147128,1.750540873251438,4.02056304,6.41023675,7.4402936,8.683707275,14.64581546,0.48819226343461586,0.321279946395141
sz.000046,2112.0,5.455204707717803,3.6658405315531297,0.38,2.04,4.59742815,8.41866454,18.91636524,0.8182466182070682,0.3992369413727217
sz.000060,2542.0,5.063749806105429,1.5401680786380383,3.04733286,4.08838383,4.5426487,5.85012228,16.408896,2.4198596373216406,9.742329228122294
sz.000061,2473.0,7.611791176550748,3.458592619913402,3.72172437,5.46249816,6.22405914,8.1356811,25.574052,2.064941795680174,5.014657196680064
sz.000063,2474.0,25.613583020040416,7.849846035158598,11.1675377,18.5810291525,26.513901760000003,31.2862020425,50.86305807,0.026829494697924408,-0.7212071194498764
sz.000066,2351.0,11.508416627035304,3.430697206366026,4.60237179,8.93274391,11.2813067,14.13853856,23.57620794,0.26719376174780196,-0.3614073887441105
sz.000069,2504.0,5.687033312539937,1.679978207200989,1.8,5.08605499,5.83842076,6.7615354624999995,11.00663655,-0.46523813955594373,0.061291773796337434
sz.000100,2382.0,3.9313316476952136,1.3072471863342483,1.8580184,2.85923064,3.7859491800000002,4.60919584,8.61274112,0.9916455948167232,0.8389092324121132
sz.000156,2419.0,10.906956332641586,6.982504069056895,5.4805766,6.986526925,8.03314008,11.752996320000001,47.07423875,2.593283554670026,7.156716610692246
sz.000157,2547.0,4.920684691633294,1.7892517791638236,2.3498144,3.19371251,4.85804784,6.14554472,12.3152213,0.7189923990539632,0.3595175235952368
sz.000166,2503.0,4.979904642409109,1.4807316491437448,3.48698433,4.19446667,4.54552048,5.17478312,12.6127394,3.0926483261779163,10.243662576442814
sz.000301,2372.0,9.060897420198145,5.653295955892787,3.6510492,4.958877,6.322789405,11.6302821875,37.78800465,1.685438289777534,3.0495088146563103
sz.000333,2495.0,43.39624748724248,17.970745495246256,11.29754736,30.740790975,44.68883296,57.928424254999996,88.012287,-0.08303051580887347,-0.8567118053630418
sz.000338,2546.0,9.434915005824825,4.27490102377702,2.5361639,5.66554551,10.04965927,13.0199348875,21.48111783,0.01671597729600273,-1.1339820181499478
sz.000400,2548.0,16.929431780824174,6.050608260198792,6.95133582,12.63499449,16.11904393,21.09433788,34.18072495,0.4766716757308512,-0.39570758151237806
sz.000401,2408.0,10.124787495020763,3.3552580550197684,3.92821938,7.81674345,9.83134179,12.81532623,20.26968732,0.09957946340903243,-0.7687772611904014
sz.000402,2548.0,6.482362511463894,2.1133883516507583,1.98,5.2798356125,6.39193828,7.8138825675,11.78216844,0.008953163774794088,-0.4769247243877066
sz.000408,2486.0,16.269347224609813,8.276380632193039,2.94264818,9.5778715,13.39192764,23.336576757499998,42.1907292,0.4976338151147082,-0.7802224742167363
sz.000413,2203.0,5.27182874098956,3.6517550385710424,0.37,2.06,4.34887299,7.92961356,16.36292768,0.7912985032080957,-0.5024230416275182
sz.000415,2171.0,3.921764112685399,2.1419069986721713,1.83,2.36,3.01,4.325,13.81325288,1.6097463618229428,2.4285582758094435
sz.000423,2548.0,40.46959060479199,9.568431665576139,21.40346019,32.5241503425,38.659478585,47.2129482,64.99448489,0.3714440082166777,-0.8076886514070716
sz.000425,2508.0,4.675267293082136,1.5095015377078482,2.3981812,3.41294655,4.46229475,5.6359839975,9.34761636,0.6929817225250549,-0.17644710596826707
sz.000503,2318.0,19.623899913718724,13.841347063742177,5.95,10.32,13.02,26.545,78.19,1.3562512618630476,1.0890484443580264
sz.000536,2504.0,4.189948307224441,2.6873583348968015,1.27,2.1875,2.94,5.5046454125,15.31274516,1.3771593561542081,1.3109983543711468
sz.000538,2384.0,48.801993571182884,9.342915647047882,29.157535,43.6109627175,48.00643075,53.71029747,93.5587464,0.7329864200243748,1.6279911066093975
sz.000539,2518.0,4.678382204467831,0.9986600712928906,3.1566926,3.92742636,4.5651364999999995,4.9996841475,10.10560047,1.2770420189705927,2.030495847852313
sz.000540,1631.0,3.5870549051931326,1.5814093673652379,0.4,2.66,3.42,4.27378555,10.6809335,1.1884697070441017,2.5831027609283086
sz.000553,2255.0,10.202693190266075,3.1597018072021927,4.16,8.15225227,9.48675616,12.7396143,20.83164588,0.5023246395912849,-0.3438190610645404
sz.000555,2342.0,15.82795215967976,7.568150973163577,7.331037,11.2846459875,12.847322475,16.864230225,55.69812,2.08471648525129,4.633699032073897
sz.000559,2533.0,6.420835532289775,2.5906430589688174,3.64601965,4.62363371,5.2034015,7.77630708,19.730353,1.6831797003315792,2.9956356753828857
sz.000568,2530.0,102.33683905695257,70.8278028987402,13.79866392,36.268000547499994,74.67015196,171.81943681500002,270.49013939,0.3343442488207865,-1.4044730665688214
sz.000581,2544.0,15.810616211615566,2.420003184849445,9.96705936,14.184830674999999,15.62361979,17.30186192,26.46205016,0.4554774149862778,0.5183572659835796
sz.000596,2548.0,130.75418516135005,81.1073759356801,22.7252777,46.03541013,119.42328234,207.87994361,279.109965,0.1305872369764897,-1.5400494676141163
sz.000598,2548.0,5.10251858333595,1.144298420072471,3.35215917,4.3582145175,4.76613788,5.3983961325,10.5548058,1.3832481443673847,2.031975638980614
sz.000617,2439.0,6.890533167293973,1.7890272827748082,4.06599615,5.59326775,6.54390742,7.79050376,13.73507973,0.8837546218932031,0.4513702684128731
sz.000623,2547.0,15.699837629179427,2.670525793420725,11.78111417,13.759020804999999,15.0360848,16.942633175,28.95427584,1.5155840191444472,3.061159350277644
sz.000625,2496.0,8.854522887964745,3.8169628417583397,2.84543008,5.936649255,7.41043128,12.346702857499999,20.42453724,0.3607163814369247,-0.9972804213842252
sz.000627,2471.0,5.4913133166288945,2.399014597552102,1.64,3.29633447,5.43758453,7.16845056,15.8012985,0.7737173035894755,0.8162390612033983
sz.000629,2127.0,3.3202068641278797,0.9891618003405488,1.9,2.565,3.13,3.81,7.48,1.16934658308399,1.3880634804872427
sz.000630,2384.0,2.612342142193792,0.5541775762249361,1.64315217,2.17828593,2.587835325,3.044513,4.79063075,0.28475319321342074,-0.5132499584206727
sz.000651,2391.0,29.610230083404428,9.51298261327598,8.99789625,24.813683055,29.80280736,37.339072,48.7294052,-0.416870030342514,-0.5970076490802025
sz.000656,2471.0,4.043470098802105,1.9818466199640667,0.83,2.16,4.07730328,5.28000018,10.0900527,0.371203540323043,-0.467252684940052
sz.000661,2533.0,146.93215501871694,107.18088339262064,32.77483002,63.798182,110.6883756,183.5689916,483.03008,1.34221081629766,1.0397315970964076
sz.000671,2008.0,5.136777219870518,1.7015570450496087,0.37,4.7138681700000005,5.37890729,6.1930319224999995,9.61756844,-0.6219013506707786,0.06341222260586443
sz.000686,2541.0,8.59936534661944,2.747973197477025,4.60279162,6.87475536,7.89617255,9.39203129,21.7635598,2.077371977248376,5.463956447234869
sz.000703,2479.0,8.04776477711174,2.342617276785261,3.285254,6.33643056,7.61671336,9.64473596,18.30814461,0.6518134195219175,0.40093761141348594
sz.000708,2436.0,10.628576820229885,5.568856185657182,3.60674125,5.0806304,11.185346615,15.002620065,28.99350146,0.3758179080158037,-0.9515465869450455
sz.000709,2509.0,2.5003033582184138,0.5794141689359049,1.64840523,2.13644475,2.30736033,2.678346,5.6133,1.7410607923209618,3.536620124981835
sz.000712,2450.0,16.17343380579592,6.517936032408941,7.28505738,12.85897259,14.56012154,17.187339899999998,50.7842316,2.561439191614046,8.186446043686697
sz.000718,2399.0,3.6030606288912046,1.6607132732438112,1.4882082,2.594054095,2.99918255,4.08502124,11.68929498,1.755522003837477,3.2237137128157802
sz.000723,2387.0,7.423186375596984,2.799274557640117,3.0687696,5.439197399999999,6.9735822,8.844999999999999,19.8978234,1.0980663729577025,1.3811049372320015
sz.000725,2544.0,3.7392531258294026,0.9480445218833499,1.9187904,3.1782338275,3.74238623,4.30522532,6.62664706,0.24951237683615757,-0.12702686769965688
sz.000728,2518.0,7.770434114459888,2.3624044920318843,4.14063217,6.3758305349999995,6.92645358,8.41580916,18.64241088,2.1732086875719148,5.387312533366592
sz.000729,2548.0,7.83476236065934,1.9502367977803132,5.15680992,6.33166795,7.2000354,8.9480167725,14.02838452,1.046065152394667,0.3036211339800099
sz.000733,2520.0,43.26355650829762,34.39373237679059,10.3399296,15.696164345,24.54274354,57.0656082025,133.45167472,1.0110887182400667,-0.3192706477263001
sz.000738,2544.0,20.76330359941824,5.794529140306934,10.91250514,16.015021975,20.255351345,24.83725782,43.497675,0.48582000699768624,0.07217850657138136
sz.000750,2510.0,4.533907026521912,1.5577016381593562,2.33260315,3.51591979,4.12409801,5.046976485,12.41383052,2.165187682809874,5.692697751689391
sz.000768,2543.0,22.48659617138026,5.870764865524215,12.33927564,17.016966385,22.78168761,25.859445700000002,46.1800025,0.593201405906815,0.21682889270455918
sz.000776,2548.0,14.010729880098117,2.4598593172013956,9.10895454,12.3200962825,13.73064108,15.0798427275,23.34108488,1.2219440338188476,1.9652892062573026
sz.000778,2485.0,3.938613451336016,0.7117496838360311,2.793087,3.48795216,3.77378964,4.15182482,9.9574272,1.9706896055578214,6.938731530890596
sz.000783,2535.0,6.661569727211045,1.7740651319135996,3.49503315,5.36055736,6.31555805,7.496893035,14.8910685,1.5127987063680166,3.131021903651672
sz.000786,2409.0,21.619157989427148,8.75448229669745,6.512681,14.045328,22.25328924,27.69236862,49.36724607,0.23002204372502308,-0.3964477083979201
sz.000792,2224.0,16.07116692253147,7.133625562245241,5.58,11.46416115,14.843688525000001,18.7419327725,43.76,1.0084566830134492,0.6597829729328613
sz.000793,2356.0,5.093752853064515,4.000417974034643,0.78,2.42,2.99,9.53545265,20.563088,1.16835035740277,0.09274367921495497
sz.000800,2534.0,9.507424490402526,2.7473776683821742,4.57285573,7.98224064,8.8942368,10.120253165,25.181309,2.3042166572971907,7.3792592700950745
sz.000807,2515.0,8.669022250632207,3.672505599501012,3.2502475,5.47443024,7.94132508,11.83306327,20.6708375,0.40306018494790696,-0.918316462748217
sz.000825,2440.0,4.179951515959016,1.3313775764077564,2.49568176,3.36771304,3.81,4.42763875,11.85119,2.0240416962629615,5.108443808741845
sz.000826,2485.0,11.528964733702214,9.021662324934898,1.35,3.45,8.45,20.902826,37.85318991,0.6085997328472227,-1.0518204297375844
sz.000831,2543.0,21.220017564467163,10.092926013378298,8.19283263,12.23476215,17.26312239,29.717195725,56.9401404,0.6074500595717436,-0.7033362932040017
sz.000839,2423.0,4.560968141126701,2.907374643179599,1.8,2.41,3.17,6.44297612,13.60711264,1.1535168803195777,-0.010135107261770582
sz.000858,2488.0,107.743614558541,66.46869649375799,15.58713298,44.775804414999996,113.81001381,148.9027170675,295.6102296,0.37082147491934414,-0.6894374717539753
sz.000860,2515.0,28.33263793376938,15.11635550934599,10.59197243,16.03426151,22.9103975,34.87381492,75.52147616,1.0659043427092167,0.06040096538094808
sz.000869,2548.0,29.20768500691915,4.979189150135097,19.22477397,25.6360736675,29.35921366,32.16559986,48.1896021,0.3871003280909936,0.298779563835307
sz.000876,2413.0,12.823698391661834,6.773908475914627,5.62033647,7.53345864,10.0202212,15.5892286,41.1787178,1.4883560241549756,1.7908905079449267
sz.000877,2516.0,8.991642991478535,3.13125857275436,4.22,6.40248064,8.516891300000001,10.953071940000001,21.5243281,0.7779340465718789,0.13212809648841262
sz.000878,2457.0,11.200795832690272,1.8540864984717822,7.08296852,9.932011,11.12798596,12.48284101,22.049902,0.44310373312025964,1.4021504364516817
sz.000883,2465.0,4.167776482933063,0.8966184953291404,2.9451063,3.6286134,4.0115565,4.52,10.86822125,3.1629232964585325,16.97756467325948
sz.000895,2533.0,19.923022217654953,6.655492395984494,8.3738732,14.49809504,20.41538136,23.23587335,46.92852598,0.8810758695152534,0.9902896392408804
sz.000898,2547.0,3.173292306007067,0.7121211843965203,1.81,2.57410656,2.9967072,3.71245246,6.17498374,0.6543450482868151,-0.15247163328471958
sz.000917,2390.0,8.460219082966526,5.188011393702185,3.72328463,5.41696653,6.43414613,8.7761667025,41.86003954,2.4117297813661622,6.622607264014135
sz.000937,2548.0,3.594302306989796,1.3970807759585595,1.63900296,2.27830757,3.28275729,4.82913101,6.97939954,0.4761984022439967,-1.0134974618707686
sz.000938,2405.0,22.950542961954262,4.4987308114193425,11.29711176,19.75207266,22.1877,25.11629406,47.18412908,1.140507904315177,2.0745025768608008
sz.000959,2422.0,4.286737765057804,1.2258456995574982,2.5049556,3.45139353,3.8525267249999997,4.9138399025,9.00129347,1.0729503038973844,0.2445314694114642
sz.000960,2521.0,13.173321262804443,3.2321775878132994,7.50480704,10.71577216,13.10264526,14.5976736,27.6368992,1.0014294893355369,1.5693867145123308
sz.000961,2242.0,5.324316214589652,2.216280277897389,0.56,3.9890312,5.46010598,6.990648435,9.79486245,-0.28499225213832735,-0.7926434217058804
sz.000963,2520.0,28.342418169396826,8.68938879733588,12.11722425,20.816230972499998,27.485707735,35.3291753825,49.1624791,0.18248349540178388,-1.0373542503082658
sz.000970,2537.0,11.170453739917225,2.9075846568390356,6.09034044,8.91039,10.78131075,12.82722632,26.4746944,1.188677673051915,2.275793285218649
sz.000975,2374.0,9.467171102944397,3.919819437716422,3.26436003,6.396946499999999,8.235910105,11.6747461375,21.8094972,0.9590147653475316,0.03466085032370225
sz.000977,2508.0,28.098027517033497,10.234899336566418,13.6882559,20.2019718,25.67177271,34.706119775,67.71919286,0.9615731578242194,0.59628507879422
sz.000983,2538.0,5.605930342096139,2.406491187126761,2.52979496,3.47571032,4.81102073,7.83333364,11.96042751,0.6442738833889463,-0.8810643194517791
sz.000999,2548.0,18.479596573689168,7.5627956638036,9.87112451,13.05196531,14.57752566,24.1923886225,38.11324726,1.0071811761945895,-0.5474808975565937
sz.001289,829.0,18.411302689264176,2.400499666823441,13.29569602,16.76413846,18.0664616,19.41599456,28.66910046,1.0874935134140709,1.9698649928842094
sz.001965,1821.0,7.645077874184515,2.118790975196425,5.27330872,6.2390412,6.6793394,8.67145842,13.4444799,1.1965978391040974,0.128622225330282
sz.001979,2290.0,12.574585580296942,2.5463713810379125,7.19194465,10.5410022125,12.63387385,14.368915122499999,20.7095475,0.15146718606458828,-0.6925500199041559
sz.002001,2534.0,13.944751240134174,6.097183760805133,4.00836755,7.650923155,14.801698145,19.260442315,27.2066372,0.002856041518014199,-1.2900462099774426
sz.002007,2545.0,20.550321322683693,9.32299048820936,9.1181061,15.036488,17.2063276,22.34722168,65.13796822,1.7152749341835412,2.715124085276186
sz.002008,2542.0,30.24614535418568,9.305448306580315,14.41113264,22.323155195000002,28.31361987,36.93659413,56.1857807,0.6008749325853814,-0.5234939023873482
sz.002010,2411.0,8.642784310348404,4.622987379380582,3.3908424,5.20577532,6.38366984,13.515301645000001,22.77164628,0.9335188751989799,-0.5220345791261085
sz.002024,2521.0,7.823170616346687,4.652409026349222,1.12,2.19,9.69689175,11.2399899,21.9975768,-0.06325417043679861,-1.169424311976196
sz.002027,2457.0,5.953215885258445,1.5114701520563854,1.58959108,5.03657028,5.90375904,6.783046,12.22281228,0.13865378680921242,0.9268511903570942
sz.002028,2548.0,28.69836276485479,20.337874682887687,7.95201992,12.39571025,18.1115064,43.9499648,80.23457344,0.9742654027288219,-0.2999259735922002
sz.002032,2547.0,39.91168466161366,15.072917148602535,9.40975681,28.521726225000002,43.23182316,51.793656295000005,67.8537463,-0.45068578409064386,-0.9121373399362045
sz.002038,2545.0,13.398373991500982,5.111502833445551,6.16327692,9.09608413,12.0233512,17.04731986,29.86132463,0.7269419746892224,-0.14920925064574053
sz.002044,2307.0,9.887672371382749,4.2103360547601945,3.04857456,6.07607064,9.63706144,13.150673685,20.9057734,0.34592315847207494,-0.8603412560103596
sz.002049,2337.0,64.66180905915704,42.072687249303414,16.68568752,29.8158678,51.48075114,89.1393251,170.056062,0.879683130563194,-0.4375592837032367
sz.002050,2482.0,15.248914314161967,8.418204259738513,2.97140484,7.29801686,15.71999033,22.806567180000002,34.91509152,0.13157360299538404,-1.4522972668936105
sz.002051,2429.0,10.985148095203787,4.330483581876724,5.69553,7.53500305,8.9718265,14.477427,24.4291575,0.8293967366043038,-0.5001271671746972
sz.002064,2533.0,6.284603734571654,2.2144116298194962,3.320573,4.46529685,6.10680925,7.29999,15.23582045,1.12171131867583,0.9990370981165162
sz.002065,2399.0,8.406936007928303,2.579554101801127,4.25711056,6.60758784,7.83862101,9.768996775,21.1708266,1.2728023428744206,2.463108176933941
sz.002074,2509.0,26.107563962499007,10.050889499426344,10.33920693,19.55715714,25.36930337,30.3971375,65.82459992,1.1046728085509068,1.7243417115844353
sz.002081,2520.0,7.418596979599207,3.112111500045605,2.76949035,4.64962176,7.629656089999999,9.219348985,20.49072256,0.7625246779809023,1.0781373478911247
sz.002085,2469.0,9.111155328144996,4.21330135380148,3.23390592,5.95770168,6.80467704,12.5901015,23.77408342,0.8879565963777901,-0.38233263287901087
sz.002120,2499.0,14.491027252188875,5.831775224830751,4.12402272,8.36060676,15.83451712,18.829576225,28.01037372,-0.012455284775336044,-1.1480106711224303
sz.002129,2112.0,17.09828962858902,10.911329623170047,4.1338026,8.1300936,12.2083698,25.130168212500003,47.02699103,0.7818719819771233,-0.7755507803551884
sz.002131,2402.0,2.835438328850957,1.1548380555350748,1.24724037,1.99171718,2.40961254,3.4661664,8.74952564,1.2949525780749205,1.9907925113920308
sz.002142,2541.0,19.8277263620976,8.395401476828967,5.75010207,12.66569568,20.12826324,25.95717436,37.34374501,0.12945844727127379,-1.1217474345330252
sz.002146,2515.0,5.371281441121273,2.5479047402942134,1.15,2.49,6.02007464,7.5076125000000005,11.11527056,-0.28149541223968855,-1.2115679714053016
sz.002152,2497.0,9.321163009563476,2.553358906588964,4.57999443,7.31950048,9.3087432,11.1711036,21.29311557,0.44238814228578494,0.6773548254610557
sz.002153,2535.0,11.544302364224851,3.0092876565444624,4.8943552,9.496237055,11.37885138,13.42267752,28.0162176,0.627096956027671,1.9034764066885126
sz.002157,2474.0,7.590331616907841,5.253128529391248,1.87,3.63011338,5.65053104,10.135,24.96627216,1.1015233170437482,-0.04739110928625845
sz.002174,2351.0,17.709788712854102,7.628925869099441,7.0239743,11.3158511,16.0746682,23.168841380000003,49.65550572,0.7419769954605956,0.1663127928942041
sz.002179,2548.0,26.125439310184458,13.579965409101481,5.414865,13.553545985,20.36808732,39.5083410975,53.83637662,0.24845920216454742,-1.5270821847894354
sz.002180,2337.0,30.880536954249038,8.697043972670963,14.44211178,25.09,27.91272339,33.9674341,57.7023294,1.2538546696631216,0.7639851599468783
sz.002183,2420.0,6.986406251731405,4.112753480296733,2.72398581,4.568909339999999,5.59577695,7.51278296,34.6697351,2.5074435397486323,8.062406597176281
sz.002195,2533.0,3.507011253742598,1.5075097650101634,1.60820696,2.6902179,3.1465357,3.95581855,12.5874744,2.477540932704709,8.58333648172494
sz.002202,2542.0,10.693787723532651,2.158131278704541,6.35690276,9.18298185,10.440219469999999,11.69118326,19.46226048,0.8244083361550303,0.747156262062604
sz.002230,2487.0,37.02104295426217,12.381974936272908,11.7065767,28.613304695,36.0890424,46.139657299999996,80.3114832,0.262935004600379,-0.39160793515950143
sz.002236,2543.0,15.826637305300823,3.7193174807625806,8.07269204,12.74309929,15.18315683,18.88020684,26.14486486,0.3107105712119725,-0.8824809663420616
sz.002241,2536.0,20.638078450682176,10.414986880891004,6.2366304,13.5471356,17.570775765,25.009427459999998,55.4002988,1.0954710760460196,0.47308996103344425
sz.002252,2233.0,10.852617887599642,5.96870733304263,4.91804855,6.80868034,7.48160667,17.347684,24.880231,0.9737786861494476,-0.8240079976612011
sz.002271,2548.0,16.65962737934066,11.219510201696885,3.79526889,8.017906055000001,11.62921447,24.0364142875,49.0232491,0.9948166833947163,-0.2351327825627223
sz.002292,2470.0,11.939262624611336,9.019459799458028,3.54,6.09,8.085,14.545,53.60735718,1.7007119392145442,2.164634089744346
sz.002294,2548.0,27.026900524097332,5.799196873310872,15.2944111,23.14609668,26.47569717,31.16298915,54.97,0.5294331571745127,0.7322158546641964
sz.002299,2489.0,17.43872827420249,4.218041406062838,9.5272809,13.69125345,17.54535475,20.79010607,30.21446805,0.17415727862654493,-0.9857769863053605
sz.002304,2548.0,93.94893921095368,36.389014988917666,36.80742029,66.4688164425,86.69863432,120.4128824175,220.5022482,0.5550897319928081,-0.49664590455241875
sz.002310,2336.0,6.7143266091352745,5.645557678254734,0.81,2.2475,4.79,8.895192,22.1289708,1.1301625514157758,0.02620943182019131
sz.002311,2548.0,36.634583458571434,19.744912430918344,7.88843205,17.1143494375,35.0681292,55.44476652,81.9409404,0.2503756968105201,-1.2691262072899787
sz.002344,2457.0,6.257095442543753,4.008478094100981,2.94658833,4.0444428,4.44659394,7.66058276,27.97121624,2.3756307877579452,6.336987173215681
sz.002352,2500.0,41.784901947904,16.6536384653014,6.80479359,34.550861495,42.16212402,48.9557744375,107.9902055,0.19762678079884696,1.0545275755179873
sz.002353,2444.0,26.660368268813418,8.642853007817036,11.45023398,18.458349745,27.3472752,33.49084526,53.1109496,0.09382701167717906,-0.9481059655087991
sz.002371,2477.0,122.50048941733547,98.50209687153328,12.40730287,28.22902464,111.74867163,206.66336817,359.6395755,0.4759397840535789,-1.125615928521806
sz.002375,2526.0,7.53983781499208,4.0757688531306,2.98543504,4.771195115,6.2622408499999995,9.44475833,31.41428518,1.9853860582388114,5.569714250851872
sz.002384,2347.0,19.22623917677887,6.205400537300796,6.95095632,14.24042684,18.58396527,24.449389815,37.77,0.3101406103315501,-0.6618243641626345
sz.002385,2523.0,6.425018978224336,1.9002581004943304,2.8387422,4.96301442,6.43438726,7.749784505,12.05429512,0.2602245625927268,-0.5465798465816558
sz.002399,2381.0,16.117553312771946,4.043386792295822,6.93311124,13.33763784,16.11359867,18.66474083,28.09858128,0.189687483955655,-0.3386143827171524
sz.002400,2379.0,6.291729405325767,3.1645259671380135,2.31627788,4.362364769999999,5.13899787,7.69410887,20.2485993,1.329719783431763,1.5706322775599442
sz.002410,2511.0,23.954519502449223,14.003525032661805,6.9428092,12.32749142,18.5249844,34.857609735,63.15747165,0.7458177565662821,-0.8092877488164922
sz.002411,1777.0,15.48867639937535,7.920829727775126,0.62,8.01,15.33094868,22.2,33.9796611,0.23382557522403616,-1.1643858903352209
sz.002414,2463.0,6.847949954571661,3.937840592106775,1.7155827,3.44076108,6.31,9.07201768,18.8391203,0.698755613911552,-0.49833453965706864
sz.002415,2503.0,28.508025753799444,11.0261342795253,8.52612848,23.19425778,29.08649,33.059480789999995,61.03003852,0.3439221040572616,0.16399090255795112
sz.002416,2486.0,7.6541954620032175,2.5157031782667896,3.5673813,5.747892925,7.441132325,9.036783255,20.49189638,0.720276199261931,0.5656891949358136
sz.002422,2544.0,21.01049229470912,5.978461214123098,11.6598234,16.1444532,20.16304924,25.9170996,39.07383504,0.4831185823088351,-0.6877840220268872
sz.002424,2546.0,10.967688095844462,5.618937976847473,3.07,7.5825,8.69836411,15.34733322,34.1205326,1.0526398975862894,0.676731886873386
sz.002426,2287.0,3.737486231888937,2.466552049167435,1.42,2.18,2.67,4.05681264,11.22529755,1.534525894993346,1.046983589245281
sz.002429,2465.0,4.011814687659229,1.1237921254040104,1.60657236,3.09903558,3.92518206,4.92872644,7.15911192,0.15047228877180935,-0.7399380360998338
sz.002450,899.0,15.377112645050056,6.072032639185354,0.2,12.082395375,17.4961314,19.21893435,26.5407883,-0.8851066071231386,-0.14519264520562514
sz.002456,2515.0,11.678159432894631,4.581241621249314,4.56,8.16,11.03,14.818345115,25.7769232,0.5113111751590934,-0.511588926848809
sz.002459,2475.0,16.39050354509091,13.415860549509194,4.0584128,6.9022285,9.5362945,19.914238945,56.140976,1.2842303051018369,0.23751017298617771
sz.002460,2531.0,38.97819260956539,29.487585551589927,3.45900666,15.65019236,31.1960376,56.52930732,149.24162,1.1126020081894623,0.47421077874919515
sz.002463,2548.0,13.84217236482339,10.108702786475078,3.0109752,4.43312247,12.1408875,19.97898567,44.6435589,0.9804986727825133,0.2327838796058046
sz.002465,2420.0,10.251376423140496,1.9562481617158862,6.66732427,8.96597235,9.99600327,11.155514925,21.77913444,1.5560360387628858,4.563091251573768
sz.002466,2505.0,41.92347123234332,25.890664238157996,6.7944744,23.77528975,32.0,52.0820955,136.427436,1.1925295811730414,0.6321382000670157
sz.002468,2455.0,16.533834784423625,7.398321952286814,6.39470415,9.98366989,15.665276,23.24501175,45.1320624,0.5112819243799788,-0.8282545767435758
sz.002470,2445.0,4.449107355709612,3.112778468059064,1.03,1.83,2.71,7.38075996,15.08110611,0.7280092869834425,-0.7089100625483415
sz.002475,2531.0,23.673026336207034,15.182484369702358,3.68774757,8.6059646,27.32726289,34.592747689999996,60.49482945,0.2758022798631742,-1.1205215451642587
sz.002493,2544.0,8.868823222724057,4.861278787200942,1.58537964,4.267212622500001,7.66750873,11.935893405,28.0395738,0.7422776282738857,0.013867533724029713
sz.002500,2537.0,7.454209060035475,2.8961785018939716,4.18441572,5.50267677,6.40463952,8.4368493,22.66435506,1.9547754328673224,4.667325872871811
sz.002508,2544.0,24.38624120010613,6.524499293591256,9.3958579,20.023074542499998,23.18596443,28.66402728,42.9622912,0.41147175877839187,-0.2208515913056983
sz.002555,2350.0,17.166709330906382,6.013417102705416,5.63448,13.515297795,16.1488992,19.812756314999998,39.86084736,0.9805653147618565,1.2372410975153931
sz.002558,2226.0,19.500219263198563,11.998499376861655,6.99286848,11.0812827725,16.05264331,21.41057563,67.30722,1.5238112913223003,1.7807009071033977
sz.002568,2516.0,21.7859962163752,14.302084121201688,3.806944,9.625938905,20.00463585,29.34470133,68.17968259,0.9157505875495129,0.23340985967003247
sz.002570,2498.0,7.488086469175341,4.437593724870436,2.32,4.81,5.53,10.125,29.89,1.626869192774059,2.6027316002450354
sz.002572,2523.0,18.27507058308363,5.105267028934536,8.57923088,14.569184035,16.36703356,21.273112249999997,32.5225725,0.9059179214824615,-0.1166363817312086
sz.002594,2538.0,47.561220477167055,34.714462386326375,11.51081445,17.153190809999998,21.6446336,81.1410146525,133.409835,0.5182453929665493,-1.293542936780901
sz.002600,2384.0,6.558072203468959,2.424969222928512,2.30950359,4.8496476,6.009433120000001,8.1703082375,13.9288176,0.6507659223164117,-0.0289185088060413
sz.002601,2458.0,14.237052391008948,6.157561286048114,3.64410585,9.3314046525,13.25916285,17.610345465,38.55430144,0.7944827907343812,0.4752771736414978
sz.002602,2177.0,7.735757333679376,2.73533292855877,3.03,5.31,7.35,10.5016286,15.3885347,0.17275846750651008,-1.1562705288977662
sz.002603,2534.0,14.908998186621943,6.750382340155973,6.34522889,9.7801767,13.86713868,18.8034615075,48.91935944,1.1864607742691047,1.952510364218068
sz.002607,2375.0,9.889549247848421,9.386574706764655,1.39,4.245,5.7,11.79636045,43.1,1.7781842067964369,2.1737704756370926
sz.002608,2212.0,7.573372981094033,1.8736046614572621,5.1235691,6.285686935,6.95734868,7.98844837,15.67861162,1.518068236106803,1.7531742753905055
sz.002624,2271.0,16.128741793280494,5.207610799650884,6.89842183,12.47777198,15.3923544,18.600346889999997,36.0177246,0.9383629625401103,0.9018037931499485
sz.002625,2310.0,19.464189218623375,9.52534614129917,4.5123468,13.481165735,17.601431965,22.9759245375,68.52982076,1.3007716069968047,1.802261752241002
sz.002648,2528.0,9.596827866566457,6.181453170312701,2.24145198,4.256044,5.749495035,15.496539004999999,22.31540443,0.4171791227021744,-1.494946902214489
sz.002653,2543.0,19.621709845076683,7.282698180602313,8.985081,13.984645915000002,19.2231943,23.15501151,47.7,1.0853173415764714,1.3588290341045073
sz.002673,2534.0,10.487575449451459,5.325605604855141,5.36975026,6.97566597,8.26038864,12.50269046,32.09604925,1.6480696378513149,2.1339075617597696
sz.002709,2534.0,19.005637168958167,17.362833003596965,1.90489673,5.8626377475,10.105130895,27.1999322175,78.7606722,1.1714178072631432,0.3411142320944922
sz.002714,2523.0,29.387000334494655,19.876190570061148,2.2330917,7.9201608,35.6607786,45.297920425,82.82763,0.06547064763274488,-1.2916824863744687
sz.002736,2531.0,10.464345766716711,2.8382178135472005,5.54991816,8.59608945,9.96185484,11.383478010000001,26.44652088,2.089843959514873,6.383809491046495
sz.002739,2085.0,22.42682224906955,15.431751619160316,9.0,12.78,15.67,22.76,86.463275,1.8096057040220102,2.520469487734094
sz.002756,2326.0,32.29023433469476,25.489141779206346,6.839497,11.995317974999999,17.47525065,45.6313828875,112.51692,1.054225081378654,0.08362176333282978
sz.002773,2432.0,28.06151603438322,9.671895341738397,9.29192396,18.1357857225,29.69797626,35.981336055,50.1263369,0.035257317964889026,-1.3302098614318392
sz.002791,2248.0,59.8508634841548,52.46239969181094,8.57688552,21.495270235,34.735279945,88.5288614925,233.92014183,1.185333115938895,0.3034012850727619
sz.002797,2202.0,8.352491525481382,4.5234330107504315,4.01869604,5.81635804,6.7434471,8.70232623,26.1841146,2.259445994824499,4.283321464731998
sz.002812,2045.0,80.705656951511,72.81243927431551,9.19736898,29.17,41.63516875,110.7209709,296.09818272,1.307152368876782,0.4665908375136185
sz.002821,2091.0,113.88891429660927,69.21003989834806,14.60377576,56.71443511,87.90392845,155.47480377,354.40341244,0.9337153415733898,0.0569957635818521
sz.002831,2071.0,23.823195982568805,3.6023086744693416,15.23012235,21.534358595,24.0550445,26.4507958,34.35064886,-0.173780352098888,-0.4157497216931647
sz.002839,2034.0,4.604581302069814,1.9660069950864707,3.03199803,3.71213176,3.9480705,4.302149155,18.67756875,3.115834362447022,10.802095324991686
sz.002841,2048.0,60.23528076105957,23.270705425022665,15.05470545,40.45639004,57.719735005000004,71.70065289,134.54572968,0.8124094986426109,0.2211978700373085
sz.002916,1827.0,67.55087809168036,23.649822690594405,11.78304337,52.742615650000005,67.6749381,81.950525035,140.7896586,0.2824360821775344,-0.13429370007536923
sz.002920,1820.0,82.14689416137912,43.296753140824286,15.79119343,33.09641871,94.5071127,115.81075805,190.1693511,-0.11284409785768558,-1.230183015100767
sz.002925,1805.0,22.394957728747922,7.454859897457042,10.31478708,16.71064591,20.2218509,28.26736165,49.498364,0.6975508472776671,-0.13603867541278447
sz.002938,1641.0,30.42599163897623,8.426970486751372,14.54118336,24.29908272,29.01687456,36.22990176,52.76577028,0.29968441795236783,-0.5959100045152081
sz.002939,1619.0,9.734293426411366,2.1739986143636956,6.1542912,8.01339744,9.06727024,11.37635622,16.80520176,0.582360758831405,-0.5936991668443796
sz.002945,1562.0,13.642035712048656,1.8458550732853904,5.08722635,12.55510052,13.8213615,14.742335757500001,21.0000219,-0.3878396780166767,0.8604825845865984
sz.002958,1519.0,3.596647452225149,1.1540061863720064,2.2773192,2.71477683,3.22700976,4.1092254100000005,8.6450133,1.3649164542631649,1.6579509218380104
sz.003816,1415.0,2.9941715415971735,0.622646868998059,2.2796298,2.5148297,2.7290561,3.49338548,5.08394926,1.138486331851245,0.410186389230895
sz.300002,2537.0,7.7020232733267635,3.8301360119570327,2.86716029,4.47408325,6.74523105,9.969724,26.06039056,1.3377370603859453,2.73076631032003
sz.300003,2513.0,20.74448140852368,6.677604325497585,8.87137758,15.853087,19.6269216,24.8014511,41.49267278,0.6294504214185352,-0.2283568224332213
sz.300014,2528.0,38.235277320514236,33.49544971243009,3.36355806,8.721836955,32.06548655,58.374249915,144.08177875,0.864565917598176,-0.31083231023255387
sz.300015,2530.0,13.20172443720158,8.960351145182782,2.06216465,4.1746881375,12.13716103,19.67330841,40.59381744,0.7351007696442424,-0.2333925795212246
sz.300017,2504.0,9.89789170488818,4.37700396916957,4.1267336,6.6208668075,8.85846472,11.513068095,23.247658,1.1593579608572933,0.560113181866762
sz.300024,2548.0,16.853226536016482,7.102017375206962,7.19,11.46,15.23,20.081053049999998,57.890944,1.7072021405403017,4.315319966859594
sz.300027,2441.0,6.2747769426710365,4.8270253540585095,1.56,2.89,4.27,8.73037368,31.4762327,1.643568846664279,2.452755919628605
sz.300033,2547.0,71.35640621982725,42.42302080656197,14.0775408,42.04049507,63.90002438,84.45550378,239.46906128,1.6972350507615381,3.1668301298669803
sz.300058,2471.0,5.47040105937677,1.970198548092348,2.6486076,4.1102264,5.02077816,6.44028928,16.29462382,1.6859816405929708,4.16527427189946
sz.300059,2492.0,11.70150579180578,6.609276981669524,3.09303393,5.462571115,10.23367654,16.574431665000002,29.76348,0.5151657584756708,-1.000236644418763
sz.300070,2470.0,9.773537462182187,5.084355904040902,3.14,5.28664304,7.6274657,15.03151598,23.7926835,0.7049615078646482,-0.933761209102173
sz.300072,2528.0,10.027167444758701,7.818237237741064,1.75,4.25,6.684729239999999,12.5030381575,32.21935586,1.2095368185577855,0.2083703013533822
sz.300085,2420.0,19.628443042409092,11.8883810579514,7.15601133,12.0023971025,15.4709442,23.924150055000002,98.5025745,2.1962245310147046,6.8715835563715455
sz.300104,722.0,13.659876526024929,10.393121626942277,0.17,3.31,15.71724567,22.732266375000002,41.19707331,0.32777924569241096,-1.106623741742276
sz.300122,2544.0,40.04381452104167,30.80651320754268,5.3066559,14.49911142,28.70946342,57.331992982500005,142.58066715,1.0614034343304826,0.275284792975206
sz.300124,2535.0,36.667793686788954,23.273531717949766,9.1695772,14.90266978,21.45826751,60.75015447,85.42248528,0.2615516010452675,-1.7093020874546754
sz.300133,2539.0,8.877909195703033,3.7431174499027193,3.97097468,6.09633648,7.55203221,10.8752336,25.93877166,1.220284556711752,1.1863373267971862
sz.300136,2508.0,26.80250337940989,10.77310220773209,6.0892986,18.55801875,24.11594326,33.4697498625,63.521826,0.9811434443714868,0.4608145715838696
sz.300142,2302.0,28.41718149304952,17.776348232340116,6.3620865,13.03288584,22.974692975,40.1112524,93.28512294,1.0116128006472167,0.33370841728876854
sz.300144,2473.0,12.565187132337241,2.761483522031902,6.88756095,10.41037772,12.30845475,14.302554,21.51119408,0.5773442638155752,-0.008846158398069015
sz.300146,2426.0,15.047748415754329,4.474828396619051,7.99041735,11.14514414,14.688735645,17.8143628925,31.72114155,0.7864168503579807,0.4849086491760435
sz.300168,2386.0,16.266029066999163,9.845457859867428,4.51,9.58,13.82318064,20.61,76.733586,2.4598230476617404,8.787382686376386
sz.300182,2502.0,6.7747238808792964,2.951547426561842,2.79,4.7,5.58,9.2476782,17.950836,1.0957579112190154,0.47731078189365483
sz.300207,2525.0,17.33419215061386,8.472260764107293,4.6846389,11.18921209,14.27967584,22.40432096,51.9425116,1.3604449368228728,1.819376396983643
sz.300223,2326.0,59.74603764810834,34.13877201648752,12.13025811,25.70023972,62.838593450000005,83.33230278,190.30988416,0.5559593077805404,-0.21755805553834762
sz.300251,2508.0,9.955624704393939,2.95987005191212,5.9825129,8.12232936,9.2440857,10.971022965,34.34644188,2.521281296711529,9.563445830573777
sz.300274,2527.0,37.18504951532252,33.40717849674582,3.63782627,7.81416109,13.08512688,69.25583753999999,119.1664764,0.5117394386945041,-1.3309960659598339
sz.300296,2476.0,7.6849549685985465,2.5720750889037842,3.0841128,5.95943656,6.8407053,9.4379571,15.82722512,0.9531832941387278,0.2215467970282945
sz.300308,2384.0,41.94885613201342,36.42452515959421,4.45263208,20.62554487,27.117476335,43.9560899325,184.67859732,1.4967304177007013,1.148298350057825
sz.300315,2396.0,6.367688287470784,3.3376685431624904,2.75,4.09,5.31,7.24114578,21.837363,1.7269617279649165,3.033977938603037
sz.300316,2445.0,28.808959300936603,20.7106180508533,5.4795016,11.21864385,22.45176423,40.57673781,80.52476114,0.802080849934722,-0.703520625626346
sz.300347,2502.0,61.41596380430057,42.47932784948467,10.49998416,23.1396689875,51.343620545,88.82870255,198.05586891,0.9630803682574982,0.1493924722622313
sz.300394,2505.0,20.420668703868262,21.07664427406651,3.10763317,7.67149608,11.4381774,17.68518198,97.5419982,1.7008436740374129,1.6381459953075193
sz.300408,2538.0,24.705503871465723,8.160017184287279,10.163283,17.84574654,22.955365569999998,30.5367038025,46.39237024,0.4498258223787182,-0.8121265269447697
sz.300413,2276.0,31.31846133014938,15.63739015367234,7.37882235,21.4969781325,26.11831495,35.41710646,89.3364948,1.3425338756879615,1.0379961664256139
sz.300418,2465.0,24.66230709894929,9.85059045633936,7.22109612,17.0040348,22.48234476,30.0538266,66.2981424,1.069155413108445,1.079677084566924
sz.300433,2476.0,15.611418928929726,6.362121088638165,5.31891888,11.19659913,13.72412356,19.346321125,37.41450937,0.88173659146636,0.21080782942650966
sz.300442,2465.0,21.364668739586207,11.620143022695572,5.94961465,11.14773336,21.93444708,25.28035661,83.43681486,1.2887135186221812,2.7409332150807066
sz.300450,2311.0,28.178280429839894,17.50105509068397,1.47780006,16.8348947,21.9824759,37.777229489999996,83.35749821,1.124687667857615,0.4498749802970057
sz.300454,1729.0,130.81099387,64.55487826786083,43.050592,87.791392,109.2024087,177.60858745,323.020548,0.9147343456306332,-0.174467461579201
sz.300496,2258.0,67.88134629494243,37.15024845678901,8.31734955,34.62793037,56.47524436,96.767175275,159.953685,0.6528797645149402,-0.7880391044367716
sz.300498,2337.0,19.15235709546855,3.8173493029074117,11.5850994,16.57877103,18.38144304,20.79666624,32.56826628,0.9683406431978866,0.7770863215303678
sz.300502,2264.0,22.978206892473498,23.863235196137826,2.58856056,7.56057258,13.68113485,24.5644283375,127.02,1.8417735433022377,2.5435379125917827
sz.300529,2162.0,33.421823751410734,17.599640148540207,7.18532845,20.93454,27.862142730000002,43.0176845625,92.880793,1.1991713839991958,0.68282052855854
sz.300558,2100.0,62.55603535198097,24.313027933378386,24.6008851,46.1381743,55.610473595,69.716304495,153.5328648,1.2840376672194072,1.2281248452592655
sz.300595,2050.0,28.257650531770732,21.257382688634227,2.66254992,11.902834565,21.65284715,37.89993219,104.381557,1.411301317663189,1.6835398670567474
sz.300601,2040.0,40.8698162989853,29.080456204690094,1.88189376,19.446553282500002,29.897202555,52.65784535,148.42040906,1.2319243423555737,0.5988222290571423
sz.300628,2012.0,31.895210027465204,12.832052799149785,6.2990928,18.936597105,33.74797849,42.034151885,59.53637706,-0.14486895550915954,-1.1433314709624316
sz.300661,1950.0,58.83809432813334,37.17901003586349,4.36480806,14.1882547375,63.277032335,82.178909575,145.57719944,0.1468091008434288,-0.8973673364644865
sz.300676,1922.0,82.37818713752861,41.31066378301982,18.95153944,53.6403672,64.81876413,106.857259355,248.01042092,1.1742609238758817,0.6084656304340221
sz.300677,1927.0,27.202822535334718,23.67921123381893,5.03294992,9.128221499999999,22.414364,28.02889835,151.6210416,1.9433199896501627,4.496299560320608
sz.300750,1711.0,163.14806509213327,87.57758932390112,18.5667628,68.889121785,181.24070755,232.93763317,354.242256,-0.17432516611286386,-1.1979483933200321
sz.300751,1609.0,127.48917339602858,83.30100556671569,16.88538236,61.8767604,111.1652325,186.11258211,328.1929959,0.6168490089286098,-0.7016045146200343
sz.300759,1555.0,37.90310871460451,20.026755256249352,4.73048022,22.77326632,29.938434,48.604445874999996,100.80045668,1.0875623737315427,0.4405830508912656
sz.300760,1627.0,259.78212853603566,78.0243260260589,63.13141124,227.92311266000002,273.2352518,297.850060775,453.45786552,-0.27912451541916106,0.09342228342067083
sz.300763,1524.0,84.09485516127954,63.59920495217227,7.88041956,42.016693124999996,64.37998533,133.01344344,281.24118776,0.8327606736405355,-0.15864610201605256
sz.300769,1506.0,80.75253807905047,66.81505567595234,11.37042048,30.08930853,45.685970080000004,130.61651075999998,260.671086,0.9832983554031448,-0.37069732925407317
sz.300782,1464.0,127.41286519213114,57.669790971811054,9.66408366,87.57591184500001,113.55644145,145.60907982,332.9635125,1.0880001531547079,0.7170250090871368
sz.300832,1246.0,57.95882724616372,13.442778527934047,21.9770536,47.354432375,58.861455895,67.0843380025,95.81639925,-0.04169172364814915,-0.510105424501123
sz.300866,1174.0,73.67266444610732,25.443973800309024,36.0167428,52.402438492499996,66.482478015,95.0283956425,138.22664426,0.6207273892998372,-0.7035815893855659
sz.300896,1149.0,288.3953869638294,94.27459171582494,123.24920064,200.85527256,300.35603032,368.10451172,553.44096,0.20131515848424683,-0.9176025196838933
sz.300919,1093.0,56.184157079789564,27.009149572286702,26.18656524,35.37295384,45.9540068,73.37189502,142.29052544,1.0201985454772649,-0.1439475451705583
sz.300957,1033.0,118.18453828842208,65.55485955870122,38.54568606,53.57595612,102.749104,176.9816142,272.242602,0.37838246242592705,-1.15439239875229
sz.300979,1012.0,59.93654192128459,13.234626885539933,36.51411456,48.7690464375,58.332150150000004,68.95593217,100.8128672,0.5165137190043698,-0.5060580717778072
sz.300999,1142.0,48.29789812964974,21.263254785897157,24.7413569,32.147193605,42.452954635,60.8220883725,143.25449,1.6001240978711848,2.7407024175352803
sz.301269,696.0,101.48866233346264,16.440054667539926,69.9811825,89.52854952749999,102.16610376,114.1922176725,149.3717675,-0.07135952503086332,-0.6959823300811285
