date,interest_rate,vix
2015-02-09,4.335,28.63
2015-02-10,4.321,28.75
2015-02-11,4.42,26.44
2015-02-12,4.602,25.8
2015-02-13,4.663,23.41
2015-02-15,4.72,23.41
2015-02-16,4.7,23.71
2015-02-17,4.749,24.3
2015-02-25,4.768,26.33
2015-02-26,4.717,26.1
2015-02-27,4.715,27.04
2015-02-28,4.772,27.04
2015-03-02,4.748,28.05
2015-03-03,4.747,28.45
2015-03-04,4.717,27.68
2015-03-05,4.729,26.67
2015-03-06,4.739,26.47
2015-03-09,4.773,27.22
2015-03-10,4.763,26.22
2015-03-11,4.773,25.86
2015-03-12,4.7511,25.93
2015-03-13,4.738,25.01
2015-03-16,4.708,25.2
2015-03-17,4.62,25.25
2015-03-18,4.602,25.14
2015-03-19,4.496,27.3
2015-03-20,4.331,26.47
2015-03-23,4.143,28.76
2015-03-24,4.033,30.67
2015-03-25,3.955,30.16
2015-03-26,3.897,29.06
2015-03-27,3.893,29.28
2015-03-30,3.919,27.87
2015-03-31,3.886,30.09
2015-04-01,3.754,30.36
2015-04-02,3.635,31.77
2015-04-03,3.506,31.17
2015-04-07,3.319,29.51
2015-04-08,3.163,31.98
2015-04-09,3.073,35.06
2015-04-10,2.97,33.41
2015-04-13,2.949,36.86
2015-04-14,2.92,40.15
2015-04-15,2.88,40.13
2015-04-16,2.884,37.36
2015-04-17,2.873,41.57
2015-04-20,2.732,47.75
2015-04-21,2.62,46.9
2015-04-22,2.567,44.28
2015-04-23,2.527,44.72
2015-04-24,2.488,45.65
2015-04-27,2.451,44.88
2015-04-28,2.438,46.59
2015-04-29,2.439,46.61
2015-04-30,2.43,46.55
2015-05-04,2.39,46.13
2015-05-05,2.368,45.46
2015-05-06,2.369,45.55
2015-05-07,2.355,46.78
2015-05-08,2.334,44.97
2015-05-11,2.245,45.78
2015-05-12,2.197,45.97
2015-05-13,2.149,46.03
2015-05-14,2.056,44.96
2015-05-15,1.962,41.44
2015-05-18,1.92,37.48
2015-05-19,1.925,37.28
2015-05-20,1.932,41.52
2015-05-21,1.944,42.05
2015-05-22,1.966,43.01
2015-05-25,1.968,45.8
2015-05-26,1.9688,45.81
2015-05-27,1.967,46.91
2015-05-28,1.952,46.63
2015-05-29,1.972,47.29
2015-06-01,1.963,47.22
2015-06-02,1.977,47.61
2015-06-03,2.057,47.9
2015-06-04,2.122,46.57
2015-06-05,2.07,46.6
2015-06-08,2.043,43.66
2015-06-09,2.049,47.55
2015-06-10,2.052,48.07
2015-06-11,2.063,49.74
2015-06-12,2.085,49.76
2015-06-15,2.11,48.06
2015-06-16,2.143,47.27
2015-06-17,2.238,47.31
2015-06-18,2.478,47.08
2015-06-19,2.674,46.9
2015-06-23,2.675,51.17
2015-06-24,2.808,52.05
2015-06-25,2.884,47.42
2015-06-26,2.921,48.08
2015-06-29,2.84,60.09
2015-06-30,2.652,59.21
2015-07-01,2.602,55.91
2015-07-02,2.712,57.54
2015-07-03,2.802,55.15
2015-07-06,2.661,60.08
2015-07-07,2.61,54.84
2015-07-08,2.589,51.7
2015-07-09,2.578,55.34
2015-07-10,2.575,54.02
2015-07-13,2.553,52.96
2015-07-14,2.556,49.31
2015-07-15,2.55,45.06
2015-07-16,2.481,41.63
2015-07-17,2.464,39.33
2015-07-20,2.449,38.73
2015-07-21,2.458,38.79
2015-07-22,2.478,35.26
2015-07-23,2.54,32.98
2015-07-24,2.559,33.09
2015-07-27,2.559,30.41
2015-07-28,2.552,39.52
2015-07-29,2.514,41.79
2015-07-30,2.502,37.43
2015-07-31,2.509,40.17
2015-08-03,2.495,40.45
2015-08-04,2.483,40.02
2015-08-05,2.471,40.26
2015-08-06,2.449,41.51
2015-08-07,2.453,40.79
2015-08-10,2.455,40.75
2015-08-11,2.463,40.18
2015-08-12,2.472,39.83
2015-08-13,2.481,39.61
2015-08-14,2.495,39.65
2015-08-17,2.517,40.06
2015-08-18,2.531,39.07
2015-08-19,2.546,37.42
2015-08-20,2.586,38.03
2015-08-21,2.599,35.2
2015-08-24,2.597,35.61
2015-08-25,2.593,48.34
2015-08-26,2.429,63.79
2015-08-27,2.398,61.14
2015-08-28,2.392,61.16
2015-08-31,2.398,62.28
2015-09-01,2.41,63.33
2015-09-02,2.421,60.88
2015-09-06,2.41,60.88
2015-09-07,2.41,59.49
2015-09-08,2.402,47.98
2015-09-09,2.398,45.63
2015-09-10,2.4,41.78
2015-09-11,2.403,40.86
2015-09-14,2.394,42.35
2015-09-15,2.392,44.63
2015-09-16,2.391,41.34
2015-09-17,2.391,41.06
2015-09-18,2.39,40.19
2015-09-21,2.391,39.81
2015-09-22,2.397,37.17
2015-09-23,2.401,38.93
2015-09-24,2.48,37.63
2015-09-25,2.447,34.91
2015-09-28,2.431,31.93
2015-09-29,2.419,31.1
2015-09-30,2.408,30.65
2015-10-08,2.4,31.7
2015-10-09,2.4,30.07
2015-10-10,2.401,30.07
2015-10-12,2.397,30.07
2015-10-13,2.397,31.95
2015-10-14,2.397,31.71
2015-10-15,2.397,29.66
2015-10-16,2.394,29.26
2015-10-19,2.395,30.34
2015-10-20,2.394,30.99
2015-10-21,2.394,32.76
2015-10-22,2.396,31.8
2015-10-23,2.401,30.64
2015-10-26,2.338,32.39
2015-10-27,2.297,30.86
2015-10-28,2.292,31.72
2015-10-29,2.291,31.76
2015-10-30,2.291,28.96
2015-11-02,2.291,29.84
2015-11-03,2.29,30.01
2015-11-04,2.293,30.25
2015-11-05,2.288,32.16
2015-11-06,2.285,32.45
2015-11-09,2.285,41.93
2015-11-10,2.28,43.1
2015-11-11,2.279,39.62
2015-11-12,2.279,38.7
2015-11-13,2.278,37.74
2015-11-16,2.279,38.37
2015-11-17,2.278,37.72
2015-11-18,2.279,37.03
2015-11-19,2.28,35.99
2015-11-20,2.282,34.04
2015-11-23,2.283,33.22
2015-11-24,2.285,31.83
2015-11-25,2.286,32.28
2015-11-26,2.289,29.7
2015-11-27,2.293,34.58
2015-11-30,2.299,34.53
2015-12-01,2.294,33.73
2015-12-02,2.293,32.45
2015-12-03,2.292,32.53
2015-12-04,2.293,32.49
2015-12-07,2.291,31.6
2015-12-08,2.292,31.46
2015-12-09,2.294,31.12
2015-12-10,2.297,30.86
2015-12-11,2.302,30.77
2015-12-14,2.303,31.09
2015-12-15,2.299,30.47
2015-12-16,2.301,30.28
2015-12-17,2.299,29.27
2015-12-18,2.318,26.08
2015-12-21,2.334,26.61
2015-12-22,2.342,27.69
2015-12-23,2.348,28.04
2015-12-24,2.348,27.19
2015-12-25,2.355,26.28
2015-12-28,2.354,28.13
2015-12-29,2.352,27.28
2015-12-30,2.352,27.46
2015-12-31,2.355,27.95
2016-01-04,2.335,33.44
2016-01-05,2.33,32.18
2016-01-06,2.322,31.51
2016-01-07,2.313,23.33
2016-01-08,2.308,35.22
2016-01-11,2.303,33.81
2016-01-12,2.3,35.91
2016-01-13,2.3,34.72
2016-01-14,2.3,37.8
2016-01-15,2.303,35.49
2016-01-18,2.308,37.24
2016-01-19,2.316,37.35
2016-01-20,2.341,36.81
2016-01-21,2.405,35.12
2016-01-22,2.4,34.87
2016-01-25,2.376,34.74
2016-01-26,2.363,32.02
2016-01-27,2.359,38.46
2016-01-28,2.362,37.67
2016-01-29,2.33,38.95
2016-02-01,2.444,36.37
2016-02-02,2.455,35.14
2016-02-03,2.453,34.8
2016-02-04,2.455,34.52
2016-02-05,2.448,35.38
2016-02-06,2.353,35.38
2016-02-14,2.313,35.38
2016-02-15,2.3,37.39
2016-02-16,2.297,36.65
2016-02-17,2.297,35.5
2016-02-18,2.285,33.79
2016-02-19,2.286,32.22
2016-02-22,2.286,31.44
2016-02-23,2.283,32.38
2016-02-24,2.295,32.48
2016-02-25,2.321,33.85
2016-02-26,2.345,32.53
2016-02-29,2.335,32.63
2016-03-01,2.308,31.51
2016-03-02,2.3,33.15
2016-03-03,2.297,33.12
2016-03-04,2.295,33.01
2016-03-07,2.294,33.82
2016-03-08,2.293,33.42
2016-03-09,2.292,33.47
2016-03-10,2.28,33.64
2016-03-11,2.282,33.64
2016-03-14,2.281,33.28
2016-03-15,2.281,32.64
2016-03-16,2.282,31.89
2016-03-17,2.288,31.25
2016-03-18,2.295,31.16
2016-03-21,2.302,31.56
2016-03-22,2.305,33.11
2016-03-23,2.301,34.04
2016-03-24,2.297,32.9
2016-03-25,2.3,30.98
2016-03-28,2.301,31.1
2016-03-29,2.303,31.21
2016-03-30,2.312,30.87
2016-03-31,2.325,30.96
2016-04-01,2.32,30.5
2016-04-05,2.302,30.19
2016-04-06,2.294,29.96
2016-04-07,2.289,28.8
2016-04-08,2.287,27.66
2016-04-11,2.291,27.63
2016-04-12,2.295,26.65
2016-04-13,2.302,26.5
2016-04-14,2.304,26.06
2016-04-15,2.301,26.05
2016-04-18,2.302,26.19
2016-04-19,2.305,25.49
2016-04-20,2.322,25.62
2016-04-21,2.332,25.05
2016-04-22,2.334,24.52
2016-04-25,2.342,25.16
2016-04-26,2.341,25.53
2016-04-27,2.346,25.47
2016-04-28,2.368,24.4
2016-04-29,2.386,23.58
2016-05-03,2.34,23.41
2016-05-04,2.328,22.86
2016-05-05,2.329,22.53
2016-05-06,2.326,23.49
2016-05-09,2.323,26.11
2016-05-10,2.323,24.89
2016-05-11,2.324,23.47
2016-05-12,2.325,23.45
2016-05-13,2.324,22.79
2016-05-16,2.327,22.5
2016-05-17,2.331,22.03
2016-05-18,2.332,22.13
2016-05-19,2.331,21.42
2016-05-20,2.331,20.54
2016-05-23,2.33,19.82
2016-05-24,2.33,19.64
2016-05-25,2.331,20.28
2016-05-26,2.332,18.9
2016-05-27,2.333,18.37
2016-05-30,2.334,18.57
2016-05-31,2.338,21.51
2016-06-01,2.337,20.86
2016-06-02,2.342,20.69
2016-06-03,2.338,20.79
2016-06-06,2.337,20.88
2016-06-07,2.34,20.67
2016-06-08,2.341,21.01
2016-06-12,2.343,21.01
2016-06-13,2.342,23.06
2016-06-14,2.341,21.88
2016-06-15,2.341,19.7
2016-06-16,2.343,19.34
2016-06-17,2.346,18.49
2016-06-20,2.351,19.33
2016-06-21,2.354,19.24
2016-06-22,2.355,19.84
2016-06-23,2.358,20.34
2016-06-24,2.371,20.71
2016-06-27,2.375,20.43
2016-06-28,2.381,19.67
2016-06-29,2.386,19.23
2016-06-30,2.385,18.58
2016-07-01,2.365,18.21
2016-07-04,2.355,18.27
2016-07-05,2.344,18.64
2016-07-06,2.337,18.65
2016-07-07,2.33,19.3
2016-07-08,2.327,19.3
2016-07-11,2.323,19.0
2016-07-12,2.319,18.91
2016-07-13,2.313,19.69
2016-07-14,2.31,19.49
2016-07-15,2.308,19.55
2016-07-18,2.307,20.31
2016-07-19,2.308,20.4
2016-07-20,2.308,20.22
2016-07-21,2.311,20.27
2016-07-22,2.321,20.0
2016-07-25,2.332,19.87
2016-07-26,2.348,19.46
2016-07-27,2.36,20.32
2016-07-28,2.359,18.89
2016-07-29,2.348,18.75
2016-08-01,2.343,18.76
2016-08-02,2.338,18.29
2016-08-03,2.332,17.84
2016-08-04,2.324,17.45
2016-08-05,2.317,17.11
2016-08-08,2.316,17.01
2016-08-09,2.317,16.64
2016-08-10,2.325,16.65
2016-08-11,2.332,16.8
2016-08-12,2.336,17.69
2016-08-15,2.3411,20.19
2016-08-16,2.343,19.36
2016-08-17,2.345,19.34
2016-08-18,2.347,19.48
2016-08-19,2.347,19.45
2016-08-22,2.3467,19.73
2016-08-23,2.352,19.42
2016-08-24,2.362,19.47
2016-08-25,2.364,19.71
2016-08-26,2.362,19.6
2016-08-29,2.364,20.12
2016-08-30,2.366,20.1
2016-08-31,2.369,20.47
2016-09-01,2.368,20.53
2016-09-02,2.369,20.38
2016-09-05,2.369,20.34
2016-09-06,2.368,20.14
2016-09-07,2.368,20.12
2016-09-08,2.37,19.66
2016-09-09,2.3765,18.6
2016-09-12,2.378,19.31
2016-09-13,2.3855,17.55
2016-09-14,2.392,17.63
2016-09-18,2.394,17.63
2016-09-19,2.397,17.45
2016-09-20,2.4,17.06
2016-09-21,2.405,17.35
2016-09-22,2.408,16.26
2016-09-23,2.406,15.81
2016-09-26,2.439,16.3
2016-09-27,2.459,16.5
2016-09-28,2.476,16.59
2016-09-29,2.487,15.44
2016-09-30,2.477,16.31
2016-10-08,2.442,16.31
2016-10-09,2.425,16.31
2016-10-10,2.41,16.78
2016-10-11,2.394,16.13
2016-10-12,2.383,16.08
2016-10-13,2.378,15.78
2016-10-14,2.374,15.21
2016-10-17,2.375,14.88
2016-10-18,2.381,15.24
2016-10-19,2.39,15.64
2016-10-20,2.397,15.19
2016-10-21,2.401,14.97
2016-10-24,2.404,15.91
2016-10-25,2.404,16.14
2016-10-26,2.409,16.37
2016-10-27,2.411,15.97
2016-10-28,2.415,16.11
2016-10-31,2.418,16.11
2016-11-01,2.416,16.35
2016-11-02,2.414,16.68
2016-11-03,2.408,17.74
2016-11-04,2.405,17.86
2016-11-07,2.399,19.01
2016-11-08,2.392,18.59
2016-11-09,2.389,18.37
2016-11-10,2.393,17.03
2016-11-11,2.402,16.27
2016-11-14,2.407,17.0
2016-11-15,2.415,16.92
2016-11-16,2.428,16.6
2016-11-17,2.436,16.24
2016-11-18,2.444,15.87
2016-11-21,2.448,15.65
2016-11-22,2.45,16.14
2016-11-23,2.451,16.35
2016-11-24,2.452,16.13
2016-11-25,2.458,16.03
2016-11-28,2.466,15.62
2016-11-29,2.481,14.86
2016-11-30,2.496,16.39
2016-12-01,2.502,15.83
2016-12-02,2.501,16.22
2016-12-05,2.497,16.32
2016-12-06,2.493,15.67
2016-12-07,2.491,15.15
2016-12-08,2.4908,14.15
2016-12-09,2.4928,14.55
2016-12-12,2.494,15.44
2016-12-13,2.496,15.43
2016-12-14,2.499,15.85
2016-12-15,2.505,17.17
2016-12-16,2.519,16.48
2016-12-19,2.525,16.97
2016-12-20,2.5375,18.42
2016-12-21,2.544,17.38
2016-12-22,2.544,17.66
2016-12-23,2.543,17.51
2016-12-26,2.545,17.63
2016-12-27,2.547,18.41
2016-12-28,2.545,18.28
2016-12-29,2.544,17.34
2016-12-30,2.543,17.22
2017-01-03,2.589,15.86
2017-01-04,2.545,14.74
2017-01-05,2.474,14.73
2017-01-06,2.441,14.49
2017-01-09,2.41,14.12
2017-01-10,2.399,13.83
2017-01-11,2.39,13.78
2017-01-12,2.394,13.79
2017-01-13,2.398,13.29
2017-01-16,2.4239,13.34
2017-01-17,2.4666,12.32
2017-01-18,2.5042,12.07
2017-01-19,2.538,12.08
2017-01-20,2.593,11.7
2017-01-22,2.607,11.7
2017-01-23,2.637,11.66
2017-01-24,2.662,11.63
2017-01-25,2.684,11.43
2017-01-26,2.691,11.32
2017-02-03,2.652,12.43
2017-02-04,2.648,12.43
2017-02-06,2.628,12.51
2017-02-07,2.6283,11.92
2017-02-08,2.633,12.78
2017-02-09,2.634,12.63
2017-02-10,2.6233,12.44
2017-02-13,2.623,12.04
2017-02-14,2.6208,11.37
2017-02-15,2.627,11.1
2017-02-16,2.6435,11.19
2017-02-17,2.664,11.64
2017-02-20,2.675,12.05
2017-02-21,2.691,12.29
2017-02-22,2.706,11.87
2017-02-23,2.716,11.06
2017-02-24,2.725,11.24
2017-02-27,2.711,12.1
2017-02-28,2.728,11.94
2017-03-01,2.729,11.72
2017-03-02,2.732,12.03
2017-03-03,2.659,11.34
2017-03-06,2.646,11.79
2017-03-07,2.644,11.6
2017-03-08,2.655,10.82
2017-03-09,2.659,10.57
2017-03-10,2.655,10.29
2017-03-13,2.649,10.63
2017-03-14,2.652,10.78
2017-03-15,2.656,11.49
2017-03-16,2.6938,10.34
2017-03-17,2.725,10.12
2017-03-20,2.7471,10.1
2017-03-21,2.768,10.11
2017-03-22,2.791,10.1
2017-03-23,2.807,9.45
2017-03-24,2.784,9.43
2017-03-27,2.7993,10.25
2017-03-28,2.791,10.35
2017-03-29,2.81,10.04
2017-03-30,2.821,9.93
2017-03-31,2.85,9.65
2017-04-01,2.778,9.65
2017-04-05,2.74,10.07
2017-04-06,2.7506,10.09
2017-04-07,2.741,10.05
2017-04-10,2.707,10.12
2017-04-11,2.687,9.98
2017-04-12,2.6631,9.97
2017-04-13,2.6566,9.99
2017-04-14,2.674,10.42
2017-04-17,2.69,10.25
2017-04-18,2.7175,10.31
2017-04-19,2.752,10.67
2017-04-20,2.758,10.19
2017-04-21,2.76,9.72
2017-04-24,2.79,10.07
2017-04-25,2.814,9.67
2017-04-26,2.8203,9.29
2017-04-27,2.8449,9.1
2017-04-28,2.8699,9.13
2017-05-02,2.873,9.09
2017-05-03,2.913,9.06
2017-05-04,2.927,9.0
2017-05-05,2.9186,9.29
2017-05-08,2.9091,9.25
2017-05-09,2.9233,8.84
2017-05-10,2.93,8.38
2017-05-11,2.9294,8.31
2017-05-12,2.9107,8.75
2017-05-15,2.8833,8.87
2017-05-16,2.8827,8.67
2017-05-17,2.882,8.56
2017-05-18,2.8867,8.49
2017-05-19,2.88,8.64
2017-05-22,2.8679,8.47
2017-05-23,2.8571,8.59
2017-05-24,2.8426,8.7
2017-05-25,2.843,12.35
2017-05-26,2.853,10.88
2017-05-27,2.854,10.88
2017-05-31,2.856,12.03
2017-06-01,2.866,12.12
2017-06-02,2.884,12.9
2017-06-05,2.894,12.46
2017-06-06,2.8959,12.48
2017-06-07,2.8919,13.83
2017-06-08,2.8939,14.23
2017-06-09,2.8949,15.09
2017-06-12,2.8968,15.45
2017-06-13,2.9,15.09
2017-06-14,2.9026,14.49
2017-06-15,2.9047,13.9
2017-06-16,2.914,13.28
2017-06-19,2.9204,13.69
2017-06-20,2.93,13.99
2017-06-21,2.9429,13.37
2017-06-22,2.9432,13.61
2017-06-23,2.936,13.9
2017-06-26,2.9063,15.38
2017-06-27,2.8834,14.86
2017-06-28,2.8577,15.04
2017-06-29,2.8507,14.47
2017-06-30,2.8455,14.4
2017-07-03,2.841,14.07
2017-07-04,2.8299,13.3
2017-07-05,2.8028,14.22
2017-07-06,2.7919,13.82
2017-07-07,2.7858,13.88
2017-07-10,2.784,13.9
2017-07-11,2.812,13.73
2017-07-12,2.8156,14.78
2017-07-13,2.8184,14.78
2017-07-14,2.803,15.76
2017-07-17,2.8057,17.35
2017-07-18,2.8293,16.92
2017-07-19,2.842,16.99
2017-07-20,2.853,17.2
2017-07-21,2.847,16.15
2017-07-24,2.845,15.71
2017-07-25,2.849,15.38
2017-07-26,2.849,15.93
2017-07-27,2.8626,15.88
2017-07-28,2.877,15.57
2017-07-31,2.882,15.75
2017-08-01,2.886,15.06
2017-08-02,2.892,14.82
2017-08-03,2.884,15.27
2017-08-04,2.8657,14.94
2017-08-07,2.865,15.37
2017-08-08,2.871,14.99
2017-08-09,2.8821,14.25
2017-08-10,2.8767,13.68
2017-08-11,2.8725,14.6
2017-08-14,2.868,14.27
2017-08-15,2.874,14.0
2017-08-16,2.88,13.92
2017-08-17,2.8927,13.69
2017-08-18,2.894,13.46
2017-08-21,2.897,13.1
2017-08-22,2.8985,12.46
2017-08-23,2.9028,13.11
2017-08-24,2.904,12.78
2017-08-25,2.9098,13.83
2017-08-28,2.9064,14.32
2017-08-29,2.921,14.94
2017-08-30,2.9266,14.67
2017-08-31,2.8879,14.59
2017-09-01,2.8764,14.5
2017-09-04,2.8572,15.01
2017-09-05,2.8202,14.99
2017-09-06,2.8092,15.22
2017-09-07,2.8056,14.71
2017-09-08,2.8023,14.46
2017-09-11,2.8014,15.11
2017-09-12,2.8036,15.17
2017-09-13,2.8056,15.31
2017-09-14,2.8239,14.06
2017-09-15,2.832,13.62
2017-09-18,2.844,13.7
2017-09-19,2.868,12.94
2017-09-20,2.869,12.81
2017-09-21,2.869,12.75
2017-09-22,2.858,12.59
2017-09-25,2.8987,12.82
2017-09-26,2.9291,12.73
2017-09-27,2.9494,12.31
2017-09-28,2.9675,10.53
2017-09-29,2.9639,11.12
2017-09-30,2.9671,11.12
2017-10-09,2.9201,11.58
2017-10-10,2.939,11.64
2017-10-11,2.9247,11.06
2017-10-12,2.886,10.68
2017-10-13,2.8516,10.66
2017-10-16,2.848,10.55
2017-10-17,2.8483,10.66
2017-10-18,2.8468,10.26
2017-10-19,2.8405,10.46
2017-10-20,2.8379,10.46
2017-10-23,2.8341,10.33
2017-10-24,2.8343,11.59
2017-10-25,2.8594,11.35
2017-10-26,2.8699,11.16
2017-10-27,2.8788,10.72
2017-10-30,2.888,11.59
2017-10-31,2.894,10.93
2017-11-01,2.894,10.62
2017-11-02,2.859,10.57
2017-11-03,2.8249,10.41
2017-11-06,2.797,10.67
2017-11-07,2.7878,10.41
2017-11-08,2.7892,10.76
2017-11-09,2.811,10.86
2017-11-10,2.8455,11.43
2017-11-13,2.8592,11.52
2017-11-14,2.8765,12.21
2017-11-15,2.886,12.31
2017-11-16,2.886,12.03
2017-11-17,2.865,12.65
2017-11-20,2.859,14.56
2017-11-21,2.861,14.54
2017-11-22,2.868,15.36
2017-11-23,2.871,16.1
2017-11-24,2.873,16.92
2017-11-27,2.883,18.02
2017-11-28,2.883,15.06
2017-11-29,2.877,15.68
2017-11-30,2.898,16.8
2017-12-01,2.851,17.99
2017-12-04,2.816,16.03
2017-12-05,2.799,15.33
2017-12-06,2.787,16.24
2017-12-07,2.791,15.75
2017-12-08,2.799,15.03
2017-12-11,2.818,14.68
2017-12-12,2.83,15.24
2017-12-13,2.851,15.15
2017-12-14,2.868,15.0
2017-12-15,2.871,15.18
2017-12-18,2.871,15.35
2017-12-19,2.873,15.12
2017-12-20,2.874,15.31
2017-12-21,2.871,14.76
2017-12-22,2.867,14.69
2017-12-25,2.881,15.32
2017-12-26,2.892,15.13
2017-12-27,2.905,16.79
2017-12-28,2.925,15.51
2017-12-29,2.954,14.27
2018-01-02,2.839,15.03
2018-01-03,2.785,14.81
2018-01-04,2.76,14.67
2018-01-05,2.745,14.45
2018-01-08,2.737,14.81
2018-01-09,2.744,14.27
2018-01-10,2.776,14.64
2018-01-11,2.832,14.95
2018-01-12,2.864,14.32
2018-01-15,2.86,15.46
2018-01-16,2.879,15.99
2018-01-17,2.878,16.9
2018-01-18,2.878,18.89
2018-01-19,2.891,18.88
2018-01-22,2.889,18.88
2018-01-23,2.863,19.28
2018-01-24,2.832,21.04
2018-01-25,2.8498,18.78
2018-01-26,2.842,17.11
2018-01-29,2.842,18.49
2018-01-30,2.838,16.08
2018-01-31,2.8298,17.15
2018-02-01,2.7925,16.79
2018-02-02,2.788,17.03
2018-02-05,2.7758,18.55
2018-02-06,2.7706,22.2
2018-02-07,2.771,24.06
2018-02-08,2.904,25.67
2018-02-09,2.918,33.06
2018-02-11,2.917,33.06
2018-02-12,2.918,28.19
2018-02-13,2.928,27.53
2018-02-14,2.91,27.32
2018-02-22,2.891,27.07
2018-02-23,2.881,23.97
2018-02-24,2.876,23.97
2018-02-26,2.87,24.32
2018-02-27,2.861,25.59
2018-02-28,2.906,25.97
2018-03-01,2.896,24.08
2018-03-02,2.897,23.6
2018-03-05,2.894,22.17
2018-03-06,2.886,21.15
2018-03-07,2.873,21.85
2018-03-08,2.862,20.93
2018-03-09,2.857,20.38
2018-03-12,2.858,21.29
2018-03-13,2.87,21.69
2018-03-14,2.869,20.81
2018-03-15,2.866,20.17
2018-03-16,2.865,20.59
2018-03-19,2.863,20.81
2018-03-20,2.861,20.59
2018-03-21,2.858,21.11
2018-03-22,2.8538,20.57
2018-03-23,2.8464,23.15
2018-03-26,2.862,23.11
2018-03-27,2.874,21.79
2018-03-28,2.889,21.4
2018-03-29,2.8958,25.38
2018-03-30,2.9166,24.85
2018-04-02,2.883,24.47
2018-04-03,2.87,24.38
2018-04-04,2.83,24.1
2018-04-08,2.812,24.1
2018-04-09,2.806,24.66
2018-04-10,2.807,23.01
2018-04-11,2.804,23.21
2018-04-12,2.8,23.69
2018-04-13,2.798,23.79
2018-04-16,2.802,25.25
2018-04-17,2.843,25.32
2018-04-18,2.858,24.9
2018-04-19,2.884,23.3
2018-04-20,2.893,22.6
2018-04-23,2.9,22.51
2018-04-24,2.907,22.56
2018-04-25,2.911,22.3
2018-04-26,2.925,22.6
2018-04-27,2.978,23.39
2018-04-28,2.972,23.39
2018-05-02,2.892,25.13
2018-05-03,2.852,25.3
2018-05-04,2.806,25.66
2018-05-07,2.768,25.46
2018-05-08,2.751,24.13
2018-05-09,2.734,23.68
2018-05-10,2.723,22.27
2018-05-11,2.713,21.78
2018-05-14,2.738,20.52
2018-05-15,2.773,19.57
2018-05-16,2.835,20.16
2018-05-17,2.803,18.78
2018-05-18,2.768,18.36
2018-05-21,2.756,17.95
2018-05-22,2.755,17.91
2018-05-23,2.752,18.57
2018-05-24,2.751,17.98
2018-05-25,2.794,17.99
2018-05-28,2.806,18.2
2018-05-29,2.848,18.8
2018-05-30,2.895,21.47
2018-05-31,2.898,20.27
2018-06-01,2.897,20.47
2018-06-04,2.818,19.52
2018-06-05,2.802,18.74
2018-06-06,2.792,18.86
2018-06-07,2.783,18.23
2018-06-08,2.772,19.24
2018-06-11,2.776,20.04
2018-06-12,2.789,18.94
2018-06-13,2.8,19.25
2018-06-14,2.809,19.62
2018-06-15,2.81,20.02
2018-06-19,2.809,23.67
2018-06-20,2.822,21.14
2018-06-21,2.825,19.86
2018-06-22,2.819,19.39
2018-06-25,2.826,20.49
2018-06-26,2.831,20.6
2018-06-27,2.834,22.15
2018-06-28,2.841,22.9
2018-06-29,2.862,21.16
2018-07-02,2.78,26.38
2018-07-03,2.719,25.93
2018-07-04,2.662,27.12
2018-07-05,2.605,27.43
2018-07-06,2.588,25.72
2018-07-09,2.602,22.74
2018-07-10,2.657,22.83
2018-07-11,2.679,25.52
2018-07-12,2.686,23.35
2018-07-13,2.686,23.52
2018-07-16,2.699,23.46
2018-07-17,2.703,22.9
2018-07-18,2.702,21.86
2018-07-19,2.683,20.73
2018-07-20,2.675,21.3
2018-07-23,2.658,21.37
2018-07-24,2.655,23.3
2018-07-25,2.667,23.28
2018-07-26,2.66,22.61
2018-07-27,2.654,21.68
2018-07-30,2.651,22.02
2018-07-31,2.648,21.94
2018-08-01,2.622,23.8
2018-08-02,2.584,24.73
2018-08-03,2.525,24.89
2018-08-06,2.469,25.73
2018-08-07,2.386,25.28
2018-08-08,2.345,25.43
2018-08-09,2.45,25.32
2018-08-10,2.426,24.53
2018-08-13,2.491,25.33
2018-08-14,2.589,25.19
2018-08-15,2.612,25.92
2018-08-16,2.637,26.17
2018-08-17,2.65,26.35
2018-08-20,2.674,26.3
2018-08-21,2.681,23.95
2018-08-22,2.662,22.97
2018-08-23,2.649,21.97
2018-08-24,2.612,21.91
2018-08-27,2.642,22.03
2018-08-28,2.647,22.21
2018-08-29,2.646,22.7
2018-08-30,2.64,22.72
2018-08-31,2.633,22.42
2018-09-03,2.621,23.03
2018-09-04,2.6,22.1
2018-09-05,2.552,23.25
2018-09-06,2.633,23.84
2018-09-07,2.673,23.39
2018-09-10,2.679,24.54
2018-09-11,2.686,23.96
2018-09-12,2.675,23.65
2018-09-13,2.663,23.1
2018-09-14,2.645,21.58
2018-09-17,2.639,20.94
2018-09-18,2.685,20.37
2018-09-19,2.668,19.19
2018-09-20,2.659,18.39
2018-09-21,2.654,19.25
2018-09-25,2.692,20.47
2018-09-26,2.711,21.11
2018-09-27,2.722,20.6
2018-09-28,2.73,21.78
2018-09-29,2.783,21.78
2018-09-30,2.766,21.78
2018-10-08,2.657,24.4
2018-10-09,2.633,23.11
2018-10-10,2.618,23.12
2018-10-11,2.611,25.56
2018-10-12,2.615,25.83
2018-10-15,2.612,26.85
2018-10-16,2.603,26.38
2018-10-17,2.604,26.53
2018-10-18,2.611,28.08
2018-10-19,2.622,26.04
2018-10-22,2.632,26.15
2018-10-23,2.635,27.46
2018-10-24,2.631,27.44
2018-10-25,2.63,28.47
2018-10-26,2.618,29.37
2018-10-29,2.609,31.81
2018-10-30,2.598,31.79
2018-10-31,2.715,31.1
2018-11-01,2.673,29.06
2018-11-02,2.649,28.28
2018-11-05,2.638,30.13
2018-11-06,2.613,30.84
2018-11-07,2.595,30.9
2018-11-08,2.6,30.43
2018-11-09,2.599,31.01
2018-11-12,2.624,31.33
2018-11-13,2.633,30.59
2018-11-14,2.632,30.04
2018-11-15,2.629,29.33
2018-11-16,2.629,28.68
2018-11-19,2.643,28.13
2018-11-20,2.665,27.24
2018-11-21,2.656,27.13
2018-11-22,2.642,26.35
2018-11-23,2.628,25.62
2018-11-26,2.644,25.76
2018-11-27,2.643,24.88
2018-11-28,2.65,24.19
2018-11-29,2.65,24.33
2018-11-30,2.669,24.9
2018-12-03,2.618,22.82
2018-12-04,2.621,20.83
2018-12-05,2.581,20.78
2018-12-06,2.6,20.94
2018-12-07,2.611,19.91
2018-12-10,2.615,20.36
2018-12-11,2.624,20.33
2018-12-12,2.626,20.17
2018-12-13,2.636,19.2
2018-12-14,2.683,19.44
2018-12-17,2.697,20.33
2018-12-18,2.694,20.64
2018-12-19,2.69,20.75
2018-12-20,2.676,23.2
2018-12-21,2.649,23.78
2018-12-24,2.659,22.83
2018-12-25,2.653,23.85
2018-12-26,2.672,23.38
2018-12-27,2.695,23.13
2018-12-28,2.721,22.71
2018-12-29,2.903,22.71
2019-01-02,2.634,22.22
2019-01-03,2.547,21.68
2019-01-04,2.563,21.2
2019-01-07,2.475,21.61
2019-01-08,2.372,20.69
2019-01-09,2.475,18.87
2019-01-10,2.587,18.52
2019-01-11,2.555,18.15
2019-01-14,2.629,18.45
2019-01-15,2.652,17.61
2019-01-16,2.64,16.6
2019-01-17,2.611,17.21
2019-01-18,2.618,17.67
2019-01-21,2.594,18.93
2019-01-22,2.578,17.46
2019-01-23,2.584,16.9
2019-01-24,2.616,15.39
2019-01-25,2.626,15.02
2019-01-28,2.66,16.54
2019-01-29,2.766,17.81
2019-01-30,2.765,18.3
2019-01-31,2.756,18.03
2019-02-01,2.722,18.63
2019-02-02,2.372,18.63
2019-02-03,2.334,18.63
2019-02-11,2.596,19.05
2019-02-12,2.513,18.54
2019-02-13,2.362,20.0
2019-02-14,2.33,21.95
2019-02-15,2.351,20.32
2019-02-18,2.395,21.99
2019-02-19,2.398,22.86
2019-02-20,2.377,23.65
2019-02-21,2.399,22.58
2019-02-22,2.6,22.36
2019-02-25,2.658,32.8
2019-02-26,2.745,30.98
2019-02-27,2.75,30.93
2019-02-28,2.658,29.13
2019-03-01,2.511,27.32
2019-03-04,2.38,29.6
2019-03-05,2.574,30.52
2019-03-06,2.488,31.51
2019-03-07,2.517,32.65
2019-03-08,2.388,33.02
2019-03-11,2.395,30.11
2019-03-12,2.601,30.11
2019-03-13,2.493,30.0
2019-03-14,2.598,28.2
2019-03-15,2.728,27.19
2019-03-18,2.709,27.39
2019-03-19,2.729,29.85
2019-03-20,2.711,29.37
2019-03-21,2.684,30.17
2019-03-22,2.664,29.63
2019-03-25,2.668,27.7
2019-03-26,2.704,27.18
2019-03-27,2.797,26.3
2019-03-28,2.705,25.5
2019-03-29,2.698,27.33
2019-04-01,2.579,29.41
2019-04-02,2.453,29.92
2019-04-03,2.357,29.41
2019-04-04,2.418,31.0
2019-04-08,2.483,32.5
2019-04-09,2.469,31.06
2019-04-10,2.654,31.21
2019-04-11,2.657,31.0
2019-04-12,2.669,28.16
2019-04-15,2.772,28.13
2019-04-16,2.787,28.38
2019-04-17,2.788,28.7
2019-04-18,2.75,28.71
2019-04-19,2.692,28.4
2019-04-22,2.654,29.5
2019-04-23,2.7,27.64
2019-04-24,2.764,27.07
2019-04-25,2.785,26.74
2019-04-26,2.735,25.94
2019-04-28,2.705,25.94
2019-04-29,2.691,25.39
2019-04-30,2.683,25.59
2019-05-05,2.529,25.59
2019-05-06,2.5285,29.41
2019-05-07,2.349,26.24
2019-05-08,2.286,27.2
2019-05-09,2.573,29.04
2019-05-10,2.568,29.04
2019-05-13,2.579,27.73
2019-05-14,2.65,26.68
2019-05-15,2.641,25.09
2019-05-16,2.607,23.93
2019-05-17,2.589,23.75
2019-05-20,2.678,23.21
2019-05-21,2.699,22.47
2019-05-22,2.69,21.55
2019-05-23,2.648,22.17
2019-05-24,2.592,21.76
2019-05-27,2.711,23.09
2019-05-28,2.823,22.25
2019-05-29,2.785,21.55
2019-05-30,2.665,21.78
2019-05-31,2.65,22.37
2019-06-03,2.553,23.15
2019-06-04,2.399,23.68
2019-06-05,2.472,23.33
2019-06-06,2.572,23.41
2019-06-10,2.604,22.3
2019-06-11,2.589,21.62
2019-06-12,2.564,21.66
2019-06-13,2.583,20.87
2019-06-14,2.565,21.15
2019-06-17,2.491,21.09
2019-06-18,2.399,20.3
2019-06-19,2.386,19.55
2019-06-20,2.448,23.12
2019-06-21,2.416,25.27
2019-06-24,2.326,26.22
2019-06-25,2.466,26.31
2019-06-26,2.417,26.02
2019-06-27,2.61,26.99
2019-06-28,2.604,27.95
2019-07-01,2.319,25.69
2019-07-02,2.032,24.78
2019-07-03,2.145,23.8
2019-07-04,2.139,23.38
2019-07-05,2.271,24.07
2019-07-08,2.449,23.31
2019-07-09,2.54,22.29
2019-07-10,2.543,22.36
2019-07-11,2.497,22.7
2019-07-12,2.559,22.58
2019-07-15,2.669,22.68
2019-07-16,2.724,23.01
2019-07-17,2.734,22.57
2019-07-18,2.748,22.41
2019-07-19,2.753,23.33
2019-07-22,2.692,22.05
2019-07-23,2.634,20.76
2019-07-24,2.561,19.78
2019-07-25,2.642,18.16
2019-07-26,2.647,18.49
2019-07-29,2.657,19.58
2019-07-30,2.663,19.63
2019-07-31,2.673,19.98
2019-08-01,2.638,17.99
2019-08-02,2.647,18.68
2019-08-05,2.619,20.59
2019-08-06,2.494,22.21
2019-08-07,2.52,21.28
2019-08-08,2.578,20.77
2019-08-09,2.644,20.147
2019-08-12,2.656,20.46
2019-08-13,2.703,20.38
2019-08-14,2.695,19.798
2019-08-15,2.678,20.45
2019-08-16,2.673,20.34
2019-08-19,2.672,21.04
2019-08-20,2.664,20.83
2019-08-21,2.653,19.99
2019-08-22,2.642,19.8
2019-08-23,2.651,20.07
2019-08-26,2.669,21.23
2019-08-27,2.687,20.18
2019-08-28,2.682,19.97
2019-08-29,2.6702,19.13
2019-08-30,2.665,19.26
2019-09-02,2.653,18.48
2019-09-03,2.61,18.44
2019-09-04,2.604,17.99
2019-09-05,2.636,18.77
2019-09-06,2.652,19.28
2019-09-09,2.652,20.4
2019-09-10,2.628,20.22
2019-09-11,2.645,19.79
2019-09-12,2.65,19.59
2019-09-16,2.642,18.72
2019-09-17,2.638,18.34
2019-09-18,2.654,17.9
2019-09-19,2.709,17.65
2019-09-20,2.731,17.01
2019-09-23,2.732,17.05
2019-09-24,2.676,16.63
2019-09-25,2.572,16.88
2019-09-26,2.577,17.14
2019-09-27,2.59,17.53
2019-09-29,2.692,17.53
2019-09-30,2.843,17.76
2019-10-08,2.688,16.32
2019-10-09,2.627,16.0
2019-10-10,2.595,16.19
2019-10-11,2.556,16.24
2019-10-12,2.591,16.24
2019-10-14,2.651,15.69
2019-10-15,2.684,15.22
2019-10-16,2.686,14.48
2019-10-17,2.663,15.4
2019-10-18,2.691,15.38
2019-10-21,2.691,14.5
2019-10-22,2.789,14.34
2019-10-23,2.693,14.52
2019-10-24,2.661,13.85
2019-10-25,2.669,13.61
2019-10-28,2.671,13.97
2019-10-29,2.67,14.13
2019-10-30,2.683,14.39
2019-10-31,2.685,14.67
2019-11-01,2.616,14.45
2019-11-04,2.529,14.8
2019-11-05,2.498,15.11
2019-11-06,2.546,14.9
2019-11-07,2.595,15.04
2019-11-08,2.57,15.19
2019-11-11,2.555,15.44
2019-11-12,2.649,14.88
2019-11-13,2.675,15.13
2019-11-14,2.682,15.39
2019-11-15,2.737,15.41
2019-11-18,2.728,14.62
2019-11-19,2.611,14.17
2019-11-20,2.497,13.75
2019-11-21,2.426,13.96
2019-11-22,2.536,14.45
2019-11-25,2.596,14.42
2019-11-26,2.598,14.44
2019-11-27,2.589,14.27
2019-11-28,2.597,13.84
2019-11-29,2.607,14.04
2019-12-02,2.478,13.74
2019-12-03,2.343,13.66
2019-12-04,2.426,13.58
2019-12-05,2.433,12.91
2019-12-06,2.482,12.46
2019-12-09,2.506,12.6
2019-12-10,2.45,12.58
2019-12-11,2.493,12.37
2019-12-12,2.431,12.52
2019-12-13,2.474,14.02
2019-12-16,2.5315,13.48
2019-12-17,2.588,14.17
2019-12-18,2.585,14.46
2019-12-19,2.559,15.11
2019-12-20,2.529,14.8
2019-12-23,2.453,14.3
2019-12-24,2.45,13.47
2019-12-25,2.549,13.53
2019-12-26,2.607,13.28
2019-12-27,2.579,13.69
2019-12-30,2.618,14.76
2019-12-31,2.737,15.25
2020-01-02,2.433,15.52
2020-01-03,2.349,15.29
2020-01-06,2.219,16.02
2020-01-07,2.259,16.35
2020-01-08,2.32,16.21
2020-01-09,2.47,15.78
2020-01-10,2.487,15.44
2020-01-13,2.522,15.25
2020-01-14,2.654,14.88
2020-01-15,2.717,14.8
2020-01-16,2.663,14.14
2020-01-17,2.64,13.72
2020-01-19,2.608,13.72
2020-01-20,2.607,14.4
2020-01-21,2.601,15.88
2020-01-22,2.607,15.19
2020-01-23,2.549,17.37
2020-02-03,2.607,32.46
2020-02-04,2.416,23.4
2020-02-05,2.343,21.04
2020-02-06,2.366,21.01
2020-02-07,2.306,22.26
2020-02-10,2.289,21.87
2020-02-11,2.225,20.03
2020-02-12,2.286,19.3
2020-02-13,2.324,19.69
2020-02-14,2.233,18.78
2020-02-17,2.261,18.96
2020-02-18,2.293,19.04
2020-02-19,2.268,19.35
2020-02-20,2.308,19.57
2020-02-21,2.245,20.77
2020-02-24,2.176,22.45
2020-02-25,2.203,23.13
2020-02-26,2.183,23.85
2020-02-27,2.192,20.54
2020-02-28,2.374,24.14
2020-03-02,2.129,21.44
2020-03-03,2.094,20.89
2020-03-04,2.052,21.08
2020-03-05,2.089,21.45
2020-03-06,2.035,22.73
2020-03-09,2.074,28.65
2020-03-10,2.241,27.82
2020-03-11,2.3,27.69
2020-03-12,2.309,30.5
2020-03-13,2.252,37.42
2020-03-16,2.199,40.57
2020-03-17,1.896,40.15
2020-03-18,1.751,35.29
2020-03-19,1.893,37.0
2020-03-20,1.945,32.84
2020-03-23,1.805,38.28
2020-03-24,1.693,35.29
2020-03-25,1.745,34.64
2020-03-26,1.72,33.67
2020-03-27,1.769,34.39
2020-03-30,2.163,33.92
2020-03-31,2.147,31.44
2020-04-01,2.004,29.59
2020-04-02,1.857,27.95
2020-04-03,1.831,28.98
2020-04-07,1.773,26.7
2020-04-08,1.739,24.88
2020-04-09,1.68,23.61
2020-04-10,1.813,22.71
2020-04-13,1.851,21.08
2020-04-14,1.707,20.27
2020-04-15,1.632,20.95
2020-04-16,1.657,20.62
2020-04-17,1.737,20.7
2020-04-20,1.734,20.93
2020-04-21,1.606,20.86
2020-04-22,1.576,20.57
2020-04-23,1.663,19.21
2020-04-24,1.718,18.94
2020-04-26,1.658,18.94
2020-04-27,1.774,18.64
2020-04-28,1.62,18.7
2020-04-29,1.755,19.66
2020-04-30,1.919,21.47
2020-05-06,1.865,20.72
2020-05-07,1.838,19.69
2020-05-08,1.809,18.81
2020-05-09,1.481,18.81
2020-05-11,1.679,19.28
2020-05-12,1.568,19.42
2020-05-13,1.485,19.26
2020-05-14,1.514,19.26
2020-05-15,1.657,18.89
2020-05-18,1.563,18.39
2020-05-19,1.521,17.89
2020-05-20,1.534,17.95
2020-05-21,1.556,18.71
2020-05-22,1.595,21.0
2020-05-25,1.785,19.42
2020-05-26,1.908,18.96
2020-05-27,2.018,19.67
2020-05-28,2.179,19.64
2020-05-29,2.151,19.91
2020-06-01,1.959,18.06
2020-06-02,1.673,17.59
2020-06-03,1.971,18.08
2020-06-04,2.001,18.21
2020-06-05,1.987,17.55
2020-06-08,1.942,17.56
2020-06-09,1.947,17.63
2020-06-10,1.98,18.04
2020-06-11,2.021,18.52
2020-06-12,2.016,18.15
2020-06-15,1.855,19.6
2020-06-16,1.891,17.54
2020-06-17,2.057,17.94
2020-06-18,2.1,18.13
2020-06-19,2.147,18.39
2020-06-22,2.15,19.7
2020-06-23,2.15,19.91
2020-06-24,2.173,20.0
2020-06-28,2.182,20.0
2020-06-29,2.181,18.84
2020-06-30,2.228,17.98
2020-07-01,2.095,18.81
2020-07-02,2.006,22.53
2020-07-03,1.98,25.01
2020-07-06,1.794,37.69
2020-07-07,2.092,35.55
2020-07-08,2.137,33.2
2020-07-09,2.192,32.0
2020-07-10,2.203,31.0
2020-07-13,2.201,30.0
2020-07-14,2.148,29.8
2020-07-15,2.15,30.3
2020-07-16,2.249,32.76
2020-07-17,2.227,28.0
2020-07-20,2.183,28.81
2020-07-21,2.101,27.28
2020-07-22,2.008,26.96
2020-07-23,2.207,27.87
2020-07-24,2.147,31.34
2020-07-27,2.202,29.71
2020-07-28,2.2,28.9
2020-07-29,2.174,29.49
2020-07-30,2.183,29.57
2020-07-31,2.236,30.72
2020-08-03,2.043,31.84
2020-08-04,2.143,32.05
2020-08-05,2.062,31.41
2020-08-06,2.074,31.65
2020-08-07,2.205,30.78
2020-08-10,2.202,30.7
2020-08-11,2.249,29.67
2020-08-12,2.246,29.26
2020-08-13,2.237,28.75
2020-08-14,2.222,28.12
2020-08-17,2.213,31.25
2020-08-18,2.19,31.0
2020-08-19,2.204,29.79
2020-08-20,2.249,29.08
2020-08-21,2.28,28.92
2020-08-24,2.23,27.92
2020-08-25,2.241,27.54
2020-08-26,2.222,28.61
2020-08-27,2.182,26.54
2020-08-28,2.235,27.07
2020-08-31,2.228,26.65
2020-09-01,2.211,26.64
2020-09-02,2.201,27.1
2020-09-03,2.197,27.37
2020-09-04,2.211,27.09
2020-09-07,2.2,27.51
2020-09-08,2.211,26.89
2020-09-09,2.193,26.8
2020-09-10,2.128,25.96
2020-09-11,2.162,24.74
2020-09-14,2.161,23.31
2020-09-15,2.133,22.7
2020-09-16,2.185,21.98
2020-09-17,2.199,21.97
2020-09-18,2.233,23.29
2020-09-21,2.262,23.8
2020-09-22,2.332,23.93
2020-09-23,2.149,23.39
2020-09-24,2.148,24.61
2020-09-25,2.044,24.79
2020-09-27,1.953,24.79
2020-09-28,2.418,26.35
2020-09-29,2.283,27.63
2020-09-30,2.331,28.28
2020-10-09,2.174,22.89
2020-10-10,2.029,22.89
2020-10-12,2.073,25.09
2020-10-13,2.092,24.51
2020-10-14,2.136,23.71
2020-10-15,2.191,24.22
2020-10-16,2.199,24.0
2020-10-19,2.23,23.05
2020-10-20,2.261,22.46
2020-10-21,2.207,22.66
2020-10-22,2.19,22.74
2020-10-23,2.205,23.1
2020-10-26,2.227,23.04
2020-10-27,2.33,24.09
2020-10-28,2.385,22.81
2020-10-29,2.353,22.72
2020-10-30,2.418,23.73
2020-11-02,2.464,24.59
2020-11-03,2.18,24.45
2020-11-04,2.092,22.85
2020-11-05,2.071,23.04
2020-11-06,2.215,21.98
2020-11-09,2.272,23.24
2020-11-10,2.269,23.02
2020-11-11,2.306,22.38
2020-11-12,2.335,21.95
2020-11-13,2.433,21.15
2020-11-16,2.339,21.12
2020-11-17,2.238,20.91
2020-11-18,2.21,21.55
2020-11-19,2.231,21.79
2020-11-20,2.228,20.83
2020-11-23,2.193,22.14
2020-11-24,2.232,21.35
2020-11-25,2.224,20.83
2020-11-26,2.294,19.96
2020-11-27,2.336,20.77
2020-11-30,2.356,21.16
2020-12-01,1.972,23.77
2020-12-02,1.925,24.14
2020-12-03,2.104,23.96
2020-12-04,2.116,23.05
2020-12-07,2.119,21.76
2020-12-08,2.101,21.0
2020-12-09,2.074,19.98
2020-12-10,2.063,19.02
2020-12-11,2.178,19.64
2020-12-14,2.143,18.71
2020-12-15,2.062,18.66
2020-12-16,1.815,18.7
2020-12-17,1.961,19.05
2020-12-18,2.148,18.52
2020-12-21,2.05,20.25
2020-12-22,2.061,19.46
2020-12-23,2.064,19.26
2020-12-24,1.774,18.54
2020-12-25,2.151,18.16
2020-12-28,2.133,18.56
2020-12-29,2.264,19.02
2020-12-30,2.308,19.13
2020-12-31,2.381,20.26
2021-01-04,1.993,21.0
2021-01-05,1.822,20.84
2021-01-06,1.966,22.59
2021-01-07,1.855,26.1
2021-01-08,2.141,26.08
2021-01-11,2.148,23.44
2021-01-12,1.985,24.97
2021-01-13,1.999,24.38
2021-01-14,2.013,23.94
2021-01-15,2.124,22.12
2021-01-18,2.177,22.56
2021-01-19,2.267,22.78
2021-01-20,2.493,22.5
2021-01-21,2.359,23.29
2021-01-22,2.271,22.18
2021-01-25,2.296,22.97
2021-01-26,2.728,22.97
2021-01-27,2.969,22.48
2021-01-28,2.981,24.34
2021-01-29,3.071,24.53
2021-02-01,3.194,25.04
2021-02-02,2.241,23.19
2021-02-03,2.146,22.01
2021-02-04,2.324,23.04
2021-02-05,2.338,23.53
2021-02-07,2.349,23.53
2021-02-08,2.341,23.93
2021-02-09,2.425,23.54
2021-02-10,2.217,24.98
2021-02-18,2.213,24.56
2021-02-19,2.051,22.44
2021-02-20,1.964,22.44
2021-02-22,2.206,24.59
2021-02-23,2.277,23.89
2021-02-24,2.114,24.84
2021-02-25,2.215,23.18
2021-02-26,2.214,24.26
2021-03-01,2.216,24.34
2021-03-02,2.157,23.71
2021-03-03,1.89,23.33
2021-03-04,2.161,25.08
2021-03-05,1.999,26.96
2021-03-08,2.144,27.73
2021-03-09,2.067,27.17
2021-03-10,2.038,26.07
2021-03-11,2.06,24.07
2021-03-12,2.134,22.56
2021-03-15,2.275,23.26
2021-03-16,2.229,22.47
2021-03-17,2.167,22.71
2021-03-18,2.197,22.26
2021-03-19,2.199,22.77
2021-03-22,2.163,22.03
2021-03-23,2.168,21.24
2021-03-24,1.992,21.65
2021-03-25,2.194,21.36
2021-03-26,2.173,20.19
2021-03-29,2.158,20.29
2021-03-30,2.236,20.23
2021-03-31,2.251,19.89
2021-04-01,2.155,19.14
2021-04-02,2.145,19.27
2021-04-06,2.045,19.59
2021-04-07,1.939,18.93
2021-04-08,2.014,18.59
2021-04-09,2.054,18.52
2021-04-12,2.05,19.31
2021-04-13,2.061,19.43
2021-04-14,2.063,19.17
2021-04-15,2.058,19.38
2021-04-16,2.199,18.91
2021-04-19,2.226,19.54
2021-04-20,2.196,19.51
2021-04-21,2.133,19.68
2021-04-22,2.15,19.61
2021-04-23,2.139,19.69
2021-04-25,2.2,19.69
2021-04-26,2.246,20.6
2021-04-27,2.234,20.01
2021-04-28,2.189,19.54
2021-04-29,2.252,19.61
2021-04-30,2.336,19.5
2021-05-06,2.152,19.24
2021-05-07,1.94,19.07
2021-05-08,1.909,19.07
2021-05-10,1.909,18.98
2021-05-11,2.078,19.19
2021-05-12,2.029,19.42
2021-05-13,2.082,19.44
2021-05-14,2.074,19.62
2021-05-17,2.195,20.41
2021-05-18,2.196,20.04
2021-05-19,2.149,19.52
2021-05-20,2.165,19.39
2021-05-21,2.16,19.18
2021-05-24,2.156,19.3
2021-05-25,2.254,20.61
2021-05-26,2.269,20.75
2021-05-27,2.262,21.0
2021-05-28,2.278,22.48
2021-05-31,2.502,22.95
2021-06-01,2.233,22.71
2021-06-02,2.156,21.37
2021-06-03,2.092,20.53
2021-06-04,2.187,20.74
2021-06-07,2.253,21.28
2021-06-08,2.267,21.77
2021-06-09,2.271,20.95
2021-06-10,2.146,20.15
2021-06-11,2.169,20.31
2021-06-15,2.237,19.89
2021-06-16,2.198,20.78
2021-06-17,2.179,19.76
2021-06-18,2.206,19.75
2021-06-21,2.257,20.09
2021-06-22,2.337,19.64
2021-06-23,2.276,18.28
2021-06-24,2.254,19.3
2021-06-25,2.196,19.02
2021-06-28,2.258,18.47
2021-06-29,2.431,18.35
2021-06-30,2.405,18.93
2021-07-01,2.186,18.37
2021-07-02,1.945,19.64
2021-07-05,2.034,18.69
2021-07-06,2.046,18.38
2021-07-07,2.129,17.66
2021-07-08,2.114,18.45
2021-07-09,2.22,18.39
2021-07-12,2.163,19.02
2021-07-13,2.193,18.63
2021-07-14,2.179,18.62
2021-07-15,2.178,18.45
2021-07-16,2.201,18.32
2021-07-19,2.155,18.56
2021-07-20,2.198,18.91
2021-07-21,2.218,18.31
2021-07-22,2.18,18.27
2021-07-23,2.143,18.14
2021-07-26,2.214,21.36
2021-07-27,2.31,23.46
2021-07-28,2.356,21.96
2021-07-29,2.257,21.22
2021-07-30,2.284,20.72
2021-08-02,2.071,20.67
2021-08-03,2.041,19.67
2021-08-04,2.04,19.83
2021-08-05,1.97,19.64
2021-08-06,1.994,19.15
2021-08-09,2.145,19.14
2021-08-10,2.348,19.55
2021-08-11,2.147,19.36
2021-08-12,2.15,19.34
2021-08-13,2.197,19.29
2021-08-16,2.193,19.76
2021-08-17,2.139,20.81
2021-08-18,2.054,19.7
2021-08-19,2.091,20.5
2021-08-20,2.115,22.51
2021-08-23,2.16,21.38
2021-08-24,2.224,20.13
2021-08-25,2.311,20.12
2021-08-26,2.319,20.82
2021-08-27,2.329,20.43
2021-08-30,2.308,21.24
2021-08-31,2.322,21.18
2021-09-01,2.104,21.11
2021-09-02,2.075,21.6
2021-09-03,2.059,21.39
2021-09-06,2.151,21.08
2021-09-07,2.198,21.37
2021-09-08,2.201,21.48
2021-09-09,2.158,21.27
2021-09-10,2.199,20.91
2021-09-13,2.203,21.26
2021-09-14,2.28,20.77
2021-09-15,2.213,21.1
2021-09-16,2.234,21.85
2021-09-17,2.398,20.08
2021-09-18,2.234,20.08
2021-09-22,2.232,21.88
2021-09-23,2.189,21.0
2021-09-24,2.219,19.86
2021-09-26,2.19,19.86
2021-09-27,1.984,20.22
2021-09-28,2.115,20.76
2021-09-29,2.45,21.49
2021-09-30,2.266,21.63
2021-10-08,2.17,19.83
2021-10-09,1.896,19.83
2021-10-11,2.199,19.45
2021-10-12,2.167,19.3
2021-10-13,2.202,19.46
2021-10-14,2.198,19.21
2021-10-15,2.132,18.86
2021-10-18,2.174,19.8
2021-10-19,2.283,18.81
2021-10-20,2.221,18.79
2021-10-21,2.055,19.12
2021-10-22,2.056,19.09
2021-10-25,2.243,19.56
2021-10-26,2.262,19.37
2021-10-27,2.268,19.15
2021-10-28,2.301,19.74
2021-10-29,2.299,19.5
2021-11-01,2.168,19.83
2021-11-02,2.185,20.81
2021-11-03,2.137,21.08
2021-11-04,2.132,19.95
2021-11-05,2.129,19.46
2021-11-08,2.121,20.12
2021-11-09,2.191,20.14
2021-11-10,2.142,18.71
2021-11-11,2.113,19.53
2021-11-12,2.124,19.27
2021-11-15,2.1,19.48
2021-11-16,2.096,19.33
2021-11-17,2.182,19.21
2021-11-18,2.172,19.11
2021-11-19,2.171,18.84
2021-11-22,2.109,18.5
2021-11-23,2.17,18.35
2021-11-24,2.269,17.91
2021-11-25,2.231,18.36
2021-11-26,2.247,18.44
2021-11-29,2.239,18.73
2021-11-30,2.297,18.52
2021-12-01,2.121,18.26
2021-12-02,2.1,17.71
2021-12-03,2.078,17.12
2021-12-06,2.129,17.34
2021-12-07,2.159,17.46
2021-12-08,2.202,18.66
2021-12-09,2.22,19.67
2021-12-10,2.184,18.8
2021-12-13,2.197,19.26
2021-12-14,2.21,18.62
2021-12-15,2.201,18.03
2021-12-16,2.209,18.01
2021-12-17,2.151,17.82
2021-12-20,2.121,18.59
2021-12-21,2.087,17.85
2021-12-22,2.012,17.66
2021-12-23,2.023,15.2
2021-12-24,1.943,16.02
2021-12-27,2.312,16.5
2021-12-28,2.245,16.44
2021-12-29,2.25,18.13
2021-12-30,2.321,17.32
2021-12-31,2.271,17.6
2022-01-04,2.099,18.11
2022-01-05,2.148,18.51
2022-01-06,2.042,18.76
2022-01-07,2.103,18.01
2022-01-10,2.093,18.11
2022-01-11,2.131,18.05
2022-01-12,2.098,17.45
2022-01-13,2.202,18.87
2022-01-14,2.213,19.34
2022-01-17,2.183,18.67
2022-01-18,2.088,17.92
2022-01-19,2.127,18.15
2022-01-20,2.113,18.05
2022-01-21,2.112,18.34
2022-01-24,2.132,19.22
2022-01-25,2.093,21.42
2022-01-26,2.088,20.51
2022-01-27,2.12,21.11
2022-01-28,2.25,25.19
2022-01-29,2.251,25.19
2022-01-30,2.272,25.19
2022-02-07,2.102,19.67
2022-02-08,2.087,18.72
2022-02-09,2.01,17.99
2022-02-10,1.965,17.52
2022-02-11,2.021,17.19
2022-02-14,2.023,18.05
2022-02-15,2.0,17.99
2022-02-16,2.057,17.08
2022-02-17,2.002,17.03
2022-02-18,2.098,16.67
2022-02-21,2.14,16.62
2022-02-22,2.191,17.75
2022-02-23,2.176,16.77
2022-02-24,2.187,18.8
2022-02-25,2.322,17.81
2022-02-28,2.249,18.15
2022-03-01,2.029,16.93
2022-03-02,2.046,16.88
2022-03-03,2.005,17.46
2022-03-04,2.048,17.371
2022-03-07,2.068,21.12
2022-03-08,2.114,22.71
2022-03-09,2.059,24.85
2022-03-10,2.082,21.5
2022-03-11,2.102,22.672
2022-03-14,2.104,26.35
2022-03-15,2.122,29.42
2022-03-16,2.115,25.49
2022-03-17,2.083,23.18
2022-03-18,2.073,22.89
2022-03-21,2.104,22.35
2022-03-22,2.073,21.09
2022-03-23,2.074,19.55
2022-03-24,2.056,19.08
2022-03-25,2.207,21.14
2022-03-28,2.188,22.92
2022-03-29,2.145,23.26
2022-03-30,2.171,21.33
2022-03-31,2.197,21.13
2022-04-01,2.017,20.68
2022-04-02,1.837,20.68
2022-04-06,2.004,20.29
2022-04-07,2.051,21.15
2022-04-08,1.985,20.54
2022-04-11,1.947,23.29
2022-04-12,2.04,22.09
2022-04-13,1.966,21.99
2022-04-14,1.905,21.0
2022-04-15,1.822,21.08
2022-04-18,1.876,21.75
2022-04-19,1.801,21.68
2022-04-20,1.937,23.08
2022-04-21,1.804,25.01
2022-04-22,1.7,23.98
2022-04-24,1.809,23.98
2022-04-25,1.712,31.18
2022-04-26,1.681,27.93
2022-04-27,1.743,25.56
2022-04-28,1.88,22.84
2022-04-29,2.006,22.08
2022-05-05,1.903,23.39
2022-05-06,1.789,24.91
2022-05-07,1.699,24.91
2022-05-09,1.814,25.28
2022-05-10,1.63,25.13
2022-05-11,1.708,24.06
2022-05-12,1.714,24.54
2022-05-13,1.671,23.81
2022-05-16,1.714,24.1
2022-05-17,1.584,22.96
2022-05-18,1.647,22.25
2022-05-19,1.654,22.2
2022-05-20,1.665,22.06
2022-05-23,1.693,21.46
2022-05-24,1.681,21.53
2022-05-25,1.785,21.29
2022-05-26,1.765,20.91
2022-05-27,1.777,20.32
2022-05-30,1.814,20.64
2022-05-31,1.898,21.1
2022-06-01,1.652,20.82
2022-06-02,1.674,20.71
2022-06-06,1.701,21.28
2022-06-07,1.708,21.63
2022-06-08,1.689,21.97
2022-06-09,1.707,21.37
2022-06-10,1.675,21.04
2022-06-13,1.7,21.47
2022-06-14,1.656,21.58
2022-06-15,1.708,22.75
2022-06-16,1.688,21.65
2022-06-17,1.737,22.35
2022-06-20,1.829,22.24
2022-06-21,1.796,21.72
2022-06-22,1.783,20.58
2022-06-23,1.755,20.28
2022-06-24,1.85,20.03
2022-06-27,1.992,22.0
2022-06-28,1.98,21.82
2022-06-29,2.025,21.99
2022-06-30,2.2,23.329
2022-07-01,1.798,22.868
2022-07-04,1.624,23.11
2022-07-05,1.669,23.032
2022-07-06,1.641,22.76
2022-07-07,1.626,22.293
2022-07-08,1.651,21.59
2022-07-11,1.627,21.97
2022-07-12,1.621,21.35
2022-07-13,1.617,21.015
2022-07-14,1.629,20.67
2022-07-15,1.593,21.176
2022-07-18,1.646,21.2
2022-07-19,1.629,20.94
2022-07-20,1.679,20.15
2022-07-21,1.679,20.355
2022-07-22,1.635,19.918
2022-07-25,1.639,20.407
2022-07-26,1.632,19.376
2022-07-27,1.613,19.648
2022-07-28,1.546,19.7
2022-07-29,1.705,21.31
2022-08-01,1.56,21.57
2022-08-02,1.526,25.36
2022-08-03,1.385,23.47
2022-08-04,1.381,21.33
2022-08-05,1.384,19.557
2022-08-08,1.391,19.71
2022-08-09,1.409,19.45
2022-08-10,1.43,19.917
2022-08-11,1.404,20.006
2022-08-12,1.413,19.174
2022-08-15,1.425,19.43
2022-08-16,1.392,19.167
2022-08-17,1.467,18.918
2022-08-18,1.479,19.488
2022-08-19,1.509,18.76
2022-08-22,1.5089,18.349
2022-08-23,1.499,18.027
2022-08-24,1.445,18.92
2022-08-25,1.515,17.85
2022-08-26,1.745,17.01815914
2022-08-29,1.639,17.687
2022-08-30,1.649,17.416
2022-08-31,1.78,17.566
2022-09-01,1.497,17.853
2022-09-02,1.51,18.29
2022-09-05,1.409,19.14
2022-09-06,1.449,18.098
2022-09-07,1.524,17.95
2022-09-08,1.502,17.493
2022-09-09,1.476,16.964
2022-09-13,1.521,17.174
2022-09-14,1.557,17.241
2022-09-15,1.547,17.59
2022-09-16,1.643,19.0
2022-09-19,1.699,18.97
2022-09-20,1.687,18.49
2022-09-21,1.726,19.42
2022-09-22,1.646,19.63
2022-09-23,1.608,19.2
2022-09-26,1.84,20.11
2022-09-27,1.697,18.88
2022-09-28,1.747,19.56
2022-09-29,2.015,20.39411041
2022-09-30,2.055,19.13
2022-10-08,1.699,19.13
2022-10-09,1.616,19.13
2022-10-10,1.497,20.53
2022-10-11,1.621,20.01
2022-10-12,1.611,20.82
2022-10-13,1.638,21.07
2022-10-14,1.594,19.36
2022-10-17,1.558,19.19
2022-10-18,1.53,19.918
2022-10-19,1.547,19.06
2022-10-20,1.581,19.98
2022-10-21,1.682,20.38
2022-10-24,1.726,24.64
2022-10-25,1.876,22.9
2022-10-26,1.995,21.11
2022-10-27,2.013,21.06551721
2022-10-28,1.963,24.03
2022-10-31,1.952,26.78
2022-11-01,1.829,23.33
2022-11-02,1.771,22.09
2022-11-03,1.718,22.24
2022-11-04,1.702,22.24
2022-11-07,1.786,23.01
2022-11-08,1.812,22.35
2022-11-09,1.855,22.18
2022-11-10,1.938,22.33
2022-11-11,1.888,21.81
2022-11-14,1.846,22.93
2022-11-15,1.929,23.16
2022-11-16,1.998,22.91
2022-11-17,1.863,22.37
2022-11-18,1.791,21.78
2022-11-21,1.675,22.0
2022-11-22,1.665,21.99
2022-11-23,1.673,22.08
2022-11-24,1.769,21.88829295
2022-11-25,1.744,21.25084989
2022-11-28,1.881,22.91
2022-11-29,1.865,24.04
2022-11-30,1.915,23.55
2022-12-01,1.729,23.8
2022-12-02,1.693,21.55
2022-12-05,1.689,22.2
2022-12-06,1.677,21.8
2022-12-07,1.663,21.78
2022-12-08,1.71,21.36
2022-12-09,1.759,20.96
2022-12-12,1.61,21.49
2022-12-13,1.748,21.03
2022-12-14,1.669,20.68
2022-12-15,1.626,19.8
2022-12-16,1.752,19.44
2022-12-19,1.8,19.95
2022-12-20,1.807,20.25
2022-12-21,1.687,19.82
2022-12-22,1.579,18.95
2022-12-23,1.687,19.56
2022-12-26,1.961,19.51
2022-12-27,2.004,18.85
2022-12-28,2.019,18.26
2022-12-29,2.261,17.94050355
2022-12-30,2.223,17.2
2023-01-03,1.92,17.23
2023-01-04,1.582,17.17
2023-01-05,1.388,17.73
2023-01-06,1.58,17.94
2023-01-09,1.729,19.43
2023-01-10,1.933,19.3
2023-01-11,1.996,19.41
2023-01-12,1.992,18.98
2023-01-13,1.94,17.71
2023-01-16,2.054,19.28
2023-01-17,2.195,18.7
2023-01-18,2.135,19.47
2023-01-19,2.281,20.46
2023-01-20,1.988,20.63
2023-01-28,1.915,20.63
2023-01-29,1.854,20.63
2023-01-30,2.05,19.37
2023-01-31,2.121,19.28
2023-02-01,2.045,19.73
2023-02-02,1.959,19.93
2023-02-03,1.85,20.04
2023-02-06,2.007,20.96
2023-02-07,2.086,20.61
2023-02-08,2.194,20.08
2023-02-09,2.198,19.58
2023-02-10,1.961,18.89
2023-02-13,1.923,19.02
2023-02-14,2.007,18.92
2023-02-15,1.996,18.38
2023-02-16,2.095,18.46
2023-02-17,2.198,18.68
2023-02-20,2.104,19.35
2023-02-21,2.136,19.52
2023-02-22,2.158,18.92
2023-02-23,2.163,18.75
2023-02-24,2.243,19.2
2023-02-27,2.177,19.36
2023-02-28,2.352,18.53
2023-03-01,2.09,18.27
2023-03-02,1.993,18.18
2023-03-03,1.931,17.98
2023-03-06,1.816,17.97
2023-03-07,1.873,18.23
2023-03-08,1.915,18.3
2023-03-09,1.921,18.12
2023-03-10,2.013,18.57
2023-03-13,1.959,18.03
2023-03-14,2.055,18.35
2023-03-15,2.089,17.38
2023-03-16,2.177,17.91
2023-03-17,2.086,17.09
2023-03-20,2.163,18.0
2023-03-21,2.198,17.35
2023-03-22,2.078,18.0
2023-03-23,1.937,17.38
2023-03-24,1.703,16.43
2023-03-27,2.117,17.07
2023-03-28,2.028,16.73
2023-03-29,2.157,16.72
2023-03-30,2.144,16.4
2023-03-31,2.215,16.34
2023-04-03,1.924,17.16
2023-04-04,1.87,16.87
2023-04-06,1.978,17.36
2023-04-07,1.997,16.58
2023-04-10,2.004,16.56
2023-04-11,1.985,16.12
2023-04-12,1.997,15.72
2023-04-13,1.998,15.22
2023-04-14,2.0,15.03
2023-04-17,2.048,16.06
2023-04-18,2.078,15.53
2023-04-19,2.097,15.19
2023-04-20,2.101,15.0
2023-04-21,2.199,15.91
2023-04-23,2.096,15.91
2023-04-24,2.117,17.12
2023-04-25,2.022,17.27
2023-04-26,2.062,16.51
2023-04-27,2.211,15.28
2023-04-28,2.3,15.01
2023-05-04,1.963,15.58
2023-05-05,1.815,15.34
2023-05-06,1.745,15.34
2023-05-08,1.795,16.16
2023-05-09,1.825,16.32
2023-05-10,1.902,16.36
2023-05-11,1.803,15.91
2023-05-12,1.829,16.24
2023-05-15,1.874,16.14
2023-05-16,1.766,16.34
2023-05-17,1.844,16.9
2023-05-18,1.76,16.14
2023-05-19,1.91,15.86
2023-05-22,1.897,15.53
2023-05-23,1.824,15.84
2023-05-24,1.762,16.62
2023-05-25,1.908,16.82499111
2023-05-26,1.992,16.18
2023-05-29,1.937,16.6
2023-05-30,1.993,16.41
2023-05-31,2.058,17.87
2023-06-01,1.848,16.58
2023-06-02,1.814,17.0
2023-06-05,1.847,16.63
2023-06-06,1.767,16.96
2023-06-07,1.855,17.25
2023-06-08,1.85,17.16
2023-06-09,1.826,16.48
2023-06-12,1.83,16.47
2023-06-13,1.84,16.07
2023-06-14,1.846,16.32
2023-06-15,1.839,15.66
2023-06-16,1.925,15.36
2023-06-19,1.984,16.03
2023-06-20,2.043,15.45
2023-06-21,2.009,15.97
2023-06-25,1.95,15.97
2023-06-26,1.867,17.05
2023-06-27,1.851,16.43
2023-06-28,1.867,15.69
2023-06-29,1.884,15.83855761
2023-06-30,2.063,15.46
2023-07-03,1.795,15.09
2023-07-04,1.758,14.73
2023-07-05,1.808,15.01
2023-07-06,1.763,15.25
2023-07-07,1.779,15.4
2023-07-10,1.726,15.36
2023-07-11,1.744,14.97
2023-07-12,1.781,15.22
2023-07-13,1.782,14.87
2023-07-14,1.806,14.8
2023-07-17,1.86,15.04
2023-07-18,1.892,14.97
2023-07-19,1.872,15.06
2023-07-20,1.832,15.66
2023-07-21,1.826,15.14
2023-07-24,1.808,14.84
2023-07-25,1.843,15.31
2023-07-26,1.853,15.68
2023-07-27,1.818,15.06360091
2023-07-28,1.826,15.20077873
2023-07-31,1.963,18.36
2023-08-01,1.806,18.36
2023-08-02,1.777,17.77
2023-08-03,1.671,18.33
2023-08-04,1.64,17.77
2023-08-07,1.737,18.36
2023-08-08,1.775,18.78
2023-08-09,1.782,19.01
2023-08-10,1.758,19.05
2023-08-11,1.777,19.03
2023-08-14,1.832,18.73
2023-08-15,1.886,18.25
2023-08-16,1.831,18.92
2023-08-17,1.868,19.11
2023-08-18,1.886,19.72
2023-08-21,1.875,21.02
2023-08-22,1.824,20.32
2023-08-23,1.81,20.53939803
2023-08-24,1.795,19.76795694
2023-08-25,1.896,19.800155
2023-08-28,2.056,20.32
2023-08-29,2.091,20.61108648
2023-08-30,2.235,20.2
2023-08-31,2.103,18.71743542
2023-09-01,1.814,18.06
2023-09-04,1.728,17.58
2023-09-05,1.733,17.22
2023-09-06,1.795,17.17
2023-09-07,1.904,17.61
2023-09-08,1.835,17.99
2023-09-11,1.955,18.06
2023-09-12,1.931,17.17
2023-09-13,1.874,17.08
2023-09-14,1.917,17.61
2023-09-15,1.9,16.85
2023-09-18,1.891,17.15
2023-09-19,1.925,16.91
2023-09-20,1.961,16.56
2023-09-21,1.951,16.89
2023-09-22,1.988,16.37
2023-09-25,2.005,17.17
2023-09-26,1.969,16.96
2023-09-27,1.848,17.06
2023-09-28,2.195,16.99307936
2023-10-07,1.831,16.99307936
2023-10-08,1.764,16.99307936
2023-10-09,1.801,16.22
2023-10-10,1.861,16.08
2023-10-11,1.895,15.63
2023-10-12,1.889,15.31
2023-10-13,1.893,15.61
2023-10-16,1.793,16.41
2023-10-17,1.844,15.8
2023-10-18,1.899,15.7
2023-10-19,1.929,17.95
2023-10-20,2.103,18.94
2023-10-23,1.933,19.66
2023-10-24,1.988,18.29
2023-10-25,2.006,16.74
2023-10-26,2.045,16.13435859
2023-10-27,2.053,15.75687621
2023-10-30,2.041,16.55
2023-10-31,1.965,16.44
2023-11-01,1.889,16.24
2023-11-02,1.837,15.95
2023-11-03,1.742,15.5
2023-11-06,1.752,16.34
2023-11-07,1.817,16.08
2023-11-08,1.822,16.07
2023-11-09,1.824,16.13
2023-11-10,1.826,16.33
2023-11-13,1.84,16.7
2023-11-14,1.967,16.45
2023-11-15,1.896,16.13
2023-11-16,1.951,15.94
2023-11-17,1.9622,15.28
2023-11-20,1.962,14.23
2023-11-21,1.961,14.65
2023-11-22,1.997,14.97
2023-11-23,1.949,14.53
2023-11-24,2.195,14.88
2023-11-27,2.094,15.73
2023-11-28,2.051,15.48
2023-11-29,2.076,15.8
2023-11-30,2.166,15.45
2023-12-01,1.795,15.76
2023-12-04,1.759,16.58
2023-12-05,1.816,18.32
2023-12-06,1.763,17.37
2023-12-07,1.755,17.32
2023-12-08,1.798,16.81
2023-12-11,1.855,17.5
2023-12-12,1.839,16.97
2023-12-13,1.789,17.61
2023-12-14,1.763,17.61
2023-12-15,1.753,18.5
2023-12-18,1.818,18.14
2023-12-19,1.767,18.5
2023-12-20,1.784,18.96
2023-12-21,1.801,18.04
2023-12-22,1.762,17.36
2023-12-25,1.822,16.77
2023-12-26,1.844,16.78
2023-12-27,1.864,16.89
2023-12-28,1.937,17.6
2023-12-29,1.867,15.9229071
2024-01-02,1.786,16.32
2024-01-03,1.805,16.32
2024-01-04,1.783,16.6
2024-01-05,1.77,17.12
2024-01-08,1.772,16.89
2024-01-09,1.79,18.46
2024-01-10,1.797,19.0
2024-01-11,1.799,18.27
2024-01-12,1.846,18.25
2024-01-15,1.862,17.26
2024-01-16,1.934,16.59
2024-01-17,1.943,19.18
2024-01-18,1.819,18.94
2024-01-19,1.831,17.8
2024-01-22,1.844,21.61
2024-01-23,1.807,19.67
2024-01-24,1.84,18.26
2024-01-25,1.872,17.43875318
2024-01-26,1.899,16.97
2024-01-29,1.863,18.13
2024-01-30,1.959,19.5
2024-01-31,1.829,21.71
2024-02-01,1.809,21.91
2024-02-02,1.846,23.72
2024-02-04,1.958,23.72
2024-02-05,1.946,24.99
2024-02-06,1.966,23.5
2024-02-07,1.947,20.97
2024-02-08,1.791,20.77
2024-02-09,1.857,20.77
2024-02-18,1.817,20.77
2024-02-19,1.785,20.93
2024-02-20,1.787,19.08
2024-02-21,1.819,19.45
2024-02-22,1.815,20.55
2024-02-23,1.816,21.11
2024-02-26,1.883,20.45
2024-02-27,1.904,20.2
2024-02-28,1.8178,20.67
2024-02-29,1.775,19.44217792
2024-03-01,1.806,18.97
2024-03-04,1.811,19.16
2024-03-05,1.855,18.17
2024-03-06,1.822,17.22
2024-03-07,1.827,16.7
2024-03-08,1.848,16.26
2024-03-11,1.853,16.42
2024-03-12,1.853,16.4
2024-03-13,1.882,16.34
2024-03-14,1.88,16.07
2024-03-15,1.89,15.88
2024-03-18,1.854,15.94
2024-03-19,1.87,15.72
2024-03-20,1.844,15.85
2024-03-21,1.834,15.74
2024-03-22,1.845,16.52
2024-03-25,1.898,16.3
2024-03-26,1.957,15.84
2024-03-27,1.972,16.32
2024-03-28,1.948,15.4851118
2024-03-29,1.967,15.03
2024-04-01,1.857,15.03
2024-04-02,1.833,14.74
2024-04-03,1.821,14.64
2024-04-07,1.805,14.64
2024-04-08,1.815,15.02
2024-04-09,1.816,14.92
2024-04-10,1.817,14.81
2024-04-11,1.815,14.64
2024-04-12,1.82,14.94
2024-04-15,1.797,15.5
2024-04-16,1.805,16.14
2024-04-17,1.816,15.41
2024-04-18,1.836,16.8
2024-04-19,1.87,17.4
2024-04-22,1.831,15.56
2024-04-23,1.824,15.19
2024-04-24,1.855,14.92
2024-04-25,1.885,14.88
2024-04-26,1.912,14.95670132
2024-04-28,1.951,14.95670132
2024-04-29,2.08,16.24
2024-04-30,2.109,15.02
2024-05-06,1.874,16.01
2024-05-07,1.845,15.2
2024-05-08,1.867,14.96
2024-05-09,1.822,15.02
2024-05-10,1.836,14.89
2024-05-11,1.85,14.89
2024-05-13,1.836,14.64
2024-05-14,1.837,14.79
2024-05-15,1.808,14.85
2024-05-16,1.801,14.35
2024-05-17,1.808,14.08
2024-05-20,1.803,14.74
2024-05-21,1.847,13.84
2024-05-22,1.838,13.84
2024-05-23,1.829,13.84
2024-05-24,1.818,13.84
2024-05-27,1.888,13.84
2024-05-28,1.885,13.84
2024-05-29,1.897,13.84
2024-05-30,1.903,13.84
2024-05-31,1.851,13.84
2024-06-03,1.811,13.92
2024-06-04,1.785,13.71
2024-06-05,1.776,13.79
2024-06-06,1.78,14.05
2024-06-07,1.751,14.11
2024-06-11,1.802,14.86
2024-06-12,1.796,14.36
2024-06-13,1.817,13.93
2024-06-14,1.813,13.8
2024-06-17,1.862,13.89
2024-06-18,1.882,13.87
2024-06-19,1.861,14.01
2024-06-20,1.89,14.09
2024-06-21,1.939,13.56
2024-06-24,2.008,13.49
2024-06-25,2.014,14.21
2024-06-26,2.083,13.54
2024-06-27,2.028,13.3836467
2024-06-28,2.099,12.74754559
2024-07-01,1.802,12.8
2024-07-02,1.796,12.4
2024-07-03,1.8,12.1
2024-07-04,1.811,12.13
2024-07-05,1.807,12.93
2024-07-08,1.82,13.82
2024-07-09,1.804,13.33
2024-07-10,1.8,14.2
2024-07-11,1.803,13.0
2024-07-12,1.801,12.46
2024-07-15,1.821,12.39
2024-07-16,1.894,12.27
2024-07-17,1.885,12.6
2024-07-18,1.893,13.09
2024-07-19,1.855,13.41
2024-07-22,1.715,13.3
2024-07-23,1.751,12.95
2024-07-24,1.742,13.08
2024-07-25,1.871,12.46
2024-07-26,1.913,13.82
2024-07-29,1.895,14.22
2024-07-30,1.814,14.6
2024-07-31,1.772,13.69
2024-08-01,1.7,13.77
2024-08-02,1.7,14.49
2024-08-05,1.694,17.5
2024-08-06,1.687,16.96
2024-08-07,1.708,15.22
2024-08-08,1.763,14.28
2024-08-09,1.795,13.98
2024-08-12,1.893,14.04
2024-08-13,1.828,14.07
2024-08-14,1.869,14.28
2024-08-15,1.814,14.04
2024-08-16,1.811,13.55
2024-08-19,1.722,13.62
2024-08-20,1.761,13.48
2024-08-21,1.808,13.57
2024-08-22,1.821,13.77
2024-08-23,1.825,13.3
2024-08-26,1.936,13.2
2024-08-27,1.869,12.95
2024-08-28,1.758,13.07
2024-08-29,1.628,13.0805701
2024-08-30,1.647,12.78195592
2024-09-02,1.689,14.05558997
2024-09-03,1.68,13.55
2024-09-04,1.67,14.11
2024-09-05,1.68,13.87
2024-09-06,1.676,14.49
2024-09-09,1.833,13.62
2024-09-10,1.834,15.66
2024-09-11,1.776,16.2
2024-09-12,1.794,15.45
2024-09-13,1.806,15.1
2024-09-14,1.746,15.1
2024-09-18,1.86,14.72
2024-09-19,1.947,14.26
2024-09-20,1.929,13.59
2024-09-23,1.859,13.05
2024-09-24,1.92,16.54
2024-09-25,1.873,18.06
2024-09-26,1.838,21.79
2024-09-27,1.661,28.56
2024-09-29,1.727,28.56
2024-09-30,1.522,49.14
2024-10-08,1.697,53.5
2024-10-09,1.803,43.08
2024-10-10,1.7,39.17
2024-10-11,1.526,37.57
2024-10-12,1.511,37.57
2024-10-14,1.587,32.67
2024-10-15,1.517,24.62
2024-10-16,1.59,25.0
2024-10-17,1.549,23.87
2024-10-18,1.568,31.58
2024-10-21,1.584,26.0
2024-10-22,1.579,29.75
2024-10-23,1.595,27.02
2024-10-24,1.596,25.02327047
2024-10-25,1.703,26.13
2024-10-28,1.658,30.01
2024-10-29,1.75,29.58
2024-10-30,1.656,30.22
2024-10-31,1.656,31.98
2024-11-01,1.507,32.64
2024-11-04,1.496,23.87
2024-11-05,1.5,31.58
2024-11-06,1.5,26.0
2024-11-07,1.555,29.75
2024-11-08,1.645,27.02
2024-11-11,1.655,27.7
2024-11-12,1.687,26.28
2024-11-13,1.644,25.49
2024-11-14,1.674,24.88
2024-11-15,1.685,24.96
2024-11-18,1.697,26.36
2024-11-19,1.693,26.36
2024-11-20,1.684,24.81
2024-11-21,1.659,23.12
2024-11-22,1.653,24.19
2024-11-25,1.727,23.96
2024-11-26,1.723,23.34
2024-11-27,1.7,23.6
2024-11-28,1.726,22.17
2024-11-29,1.631,22.83
2024-12-02,1.591,24.54
2024-12-03,1.601,24.81
2024-12-04,1.588,24.88
2024-12-05,1.688,24.04
2024-12-06,1.686,23.93
2024-12-09,1.736,23.9
2024-12-10,1.784,24.91
2024-12-11,1.722,24.48
2024-12-12,1.635,25.14
2024-12-13,1.758,23.51
2024-12-16,1.762,22.01
2024-12-17,1.787,21.11
2024-12-18,1.776,21.01
2024-12-19,1.627,21.11
2024-12-20,1.62,19.95
2024-12-23,1.525,19.52
2024-12-24,1.489,18.94
2024-12-25,1.516,19.23
2024-12-26,1.533,18.54
2024-12-27,1.74,18.2
2024-12-30,1.95,18.41
2024-12-31,1.966,18.11
2025-01-02,1.643,20.69
2025-01-03,1.67,20.28
2025-01-06,1.596,21.45
2025-01-07,1.541,19.19
2025-01-08,1.58,18.47
2025-01-09,1.632,17.97
2025-01-10,1.692,18.05
2025-01-13,1.96,18.76
2025-01-14,2.162,19.48
2025-01-15,2.117,18.77
2025-01-16,2.192,18.86
2025-01-17,2.039,19.56
2025-01-20,2.013,19.25
2025-01-21,1.906,18.65
2025-01-22,1.813,18.79
2025-01-23,1.995,19.5
2025-01-24,2.078,19.1
2025-01-26,1.864,19.1
2025-01-27,1.715,17.73
2025-02-05,1.844,18.64
2025-02-06,1.785,18.4
2025-02-07,1.732,18.53
2025-02-08,1.634,18.53
2025-02-10,1.729,18.99
2025-02-11,1.838,16.49
2025-02-12,1.845,18.57
2025-02-13,1.763,17.86
2025-02-14,1.894,17.45
2025-02-17,1.999,18.21
2025-02-18,2.209,18.12
2025-02-19,1.934,17.65
2025-02-20,1.992,17.35
2025-02-21,2.139,18.28
2025-02-24,1.941,17.92
2025-02-25,2.128,17.91
2025-02-26,2.131,17.95
2025-02-27,2.24,17.69
2025-02-28,2.093,17.84
2025-03-03,1.812,16.78
2025-03-04,1.718,18.28
2025-03-05,1.751,15.71
2025-03-06,1.748,16.45
2025-03-07,1.718,15.42
2025-03-10,1.78,15.11
2025-03-11,1.786,16.45
2025-03-12,1.78,15.53
2025-03-13,1.774,15.52
2025-03-14,1.742,18.08
2025-03-17,1.819,17.59
2025-03-18,1.903,17.36
2025-03-19,1.856,17.69
2025-03-20,1.778,16.49
2025-03-21,1.754,15.9
2025-03-24,1.745,15.33
2025-03-25,1.815,15.53
2025-03-26,1.9,14.7
2025-03-27,2.004,14.3
2025-03-28,1.936,14.59
2025-03-31,2.023,15.74
2025-04-01,1.807,15.52
2025-04-02,1.805,15.33
2025-04-03,1.689,15.35
2025-04-07,1.694,31.37
2025-04-08,1.725,24.24
2025-04-09,1.703,22.62
2025-04-10,1.681,20.05
2025-04-11,1.619,19.5
2025-04-14,1.665,17.07
2025-04-15,1.695,15.85
2025-04-16,1.696,16.68
2025-04-17,1.652,16.14
2025-04-18,1.654,16.0
2025-04-21,1.68,15.69
2025-04-22,1.67,15.59
2025-04-23,1.644,15.34
2025-04-24,1.69,15.11
2025-04-25,1.638,15.15
2025-04-27,1.641,15.15
2025-04-28,1.723,16.14
2025-04-29,1.748,16.15
2025-04-30,1.762,17.07
2025-05-06,1.707,14.91
2025-05-07,1.661,14.6
2025-05-08,1.594,14.59
2025-05-09,1.519,14.66
2025-05-12,1.496,15.75
2025-05-13,1.49,14.99
2025-05-14,1.501,15.0
2025-05-15,1.497,16.13
2025-05-16,1.545,15.74
2025-05-19,1.562,14.47
2025-05-20,1.556,14.96
2025-05-21,1.549,15.28
2025-05-22,1.523,16.01
2025-05-23,1.552,16.33
2025-05-26,1.579,15.76
2025-05-27,1.598,15.68
2025-05-28,1.578,15.72
2025-05-29,1.602,15.3
2025-05-30,1.617,15.21
2025-06-03,1.515,14.74
2025-06-04,1.543,14.55
2025-06-05,1.534,14.61
2025-06-06,1.5,14.33
2025-06-09,1.497,14.61
2025-06-10,1.496,14.52
2025-06-11,1.502,14.57
2025-06-12,1.521,14.49
2025-06-13,1.508,14.8
2025-06-16,1.51,14.3
2025-06-17,1.508,14.23
2025-06-18,1.505,14.49
2025-06-19,1.524,14.61
2025-06-20,1.529,13.73
2025-06-23,1.497,13.57
2025-06-24,1.629,14.32
2025-06-25,1.671,16.97
2025-06-26,1.67,15.51
2025-06-27,1.668,14.53
2025-06-30,1.763,14.52
2025-07-01,1.53,14.24
2025-07-02,1.497,14.03
2025-07-03,1.456,14.1
2025-07-04,1.423,14.5
2025-07-07,1.458,14.64
2025-07-08,1.455,15.34
2025-07-09,1.464,15.34
2025-07-10,1.474,15.74
2025-07-11,1.475,16.44
2025-07-14,1.515,16.25
2025-07-15,1.546,15.16
2025-07-16,1.504,15.06
2025-07-17,1.504,15.3
2025-07-18,1.494,15.07
2025-07-21,1.477,15.49
2025-07-22,1.462,15.71
2025-07-23,1.463,17.37
2025-07-24,1.545,16.89
2025-07-25,1.62,17.13
2025-07-28,1.596,17.74
2025-07-29,1.545,17.86
2025-07-30,1.501,17.33
2025-07-31,1.497,17.14
2025-08-01,1.446,16.08
2025-08-04,1.436,16.03
2025-08-05,1.432,15.84
2025-08-06,1.442,15.89
2025-08-07,1.434,15.9
2025-08-08,1.4356,15.51
2025-08-11,1.432,16.08
2025-08-12,1.433,16.44
2025-08-13,1.434,17.14
2025-08-14,1.426,17.86
2025-08-15,1.465,20.1
2025-08-18,1.483,22.29
2025-08-19,1.517,20.49
2025-08-20,1.534,22.29
2025-08-21,1.495,20.94
2025-08-22,1.463,22.7
2025-08-25,1.484,25.78
2025-08-26,1.467,25.06
2025-08-27,1.491,24.14
2025-08-28,1.526,24.68
2025-08-29,1.51,24.22
2025-09-01,1.438,23.39
2025-09-02,1.431,23.32
2025-09-03,1.433,22.24
2025-09-04,1.437,22.24
2025-09-05,1.427,20.66
2025-09-08,1.438,20.33
2025-09-09,1.467,20.66
2025-09-10,1.449,23.19
2025-09-11,1.466,20.0
2025-09-12,1.46,19.34
2025-09-15,1.47,20.15
2025-09-16,1.475,20.8
2025-09-17,1.519,21.82
2025-09-18,1.528,21.07
2025-09-19,1.488,19.87
2025-09-22,1.466,19.64
2025-09-23,1.462,20.8
2025-09-24,1.59,19.01
2025-09-25,1.584,18.16
2025-09-26,1.501,18.38
2025-09-28,1.497,18.38
2025-09-29,1.523,19.86
2025-09-30,1.405,17.86
2025-10-09,1.495,17.14
2025-10-10,1.451,19.03
2025-10-11,1.403,19.03
2025-10-13,1.447,22.46
2025-10-14,1.423,22.59
2025-10-15,1.414,20.84
2025-10-16,1.419,22.0
2025-10-17,1.415,21.66
2025-10-20,1.418,21.82
2025-10-21,1.426,20.94
2025-10-22,1.422,19.0
2025-10-23,1.417,17.02264109
2025-10-24,1.414,16.65
2025-10-27,1.542,17.43
2025-10-28,1.53,17.15
2025-10-29,1.512,17.08
2025-10-30,1.484,17.2
2025-10-31,1.439,17.33
2025-11-03,1.412,17.4
2025-11-04,1.415,17.35
2025-11-05,1.423,17.12
2025-11-06,1.421,16.65
2025-11-07,1.422,16.28
2025-11-10,1.478,16.28
2025-11-11,1.501,17.23
2025-11-12,1.474,17.53
2025-11-13,1.474,17.07
2025-11-14,1.468,17.02
2025-11-17,1.514,17.56
2025-11-18,1.518,18.27
2025-11-19,1.487,17.56
2025-11-20,1.46,17.17
2025-11-21,1.417,18.75
2025-11-24,1.447,17.12
2025-11-25,1.433,17.07
2025-11-26,1.453,15.9
2025-11-27,1.425,14.92252914
2025-11-28,1.437,14.54
2025-12-01,1.454,14.52
2025-12-02,1.434,14.53
2025-12-03,1.426,14.17
2025-12-04,1.424,14.5
2025-12-05,1.416,13.79
2025-12-08,1.426,14.26
2025-12-09,1.431,14.06
2025-12-10,1.439,15.71
2025-12-11,1.432,14.42
2025-12-12,1.451,13.88
2025-12-15,1.432,14.33
2025-12-16,1.429,15.14
2025-12-17,1.428,14.74
2025-12-18,1.426,14.67
2025-12-19,1.4311,14.29
2025-12-22,1.417,13.89
2025-12-23,1.399,13.3
2025-12-24,1.385,13.94
2025-12-25,1.4,13.66
2025-12-26,1.448,14.27
2025-12-29,1.558,14.48
2025-12-30,1.589,15.0
2025-12-31,1.956,14.81
2026-01-04,1.428,14.81
2026-01-05,1.423,17.17
2026-01-06,1.422,18.75
2026-01-07,1.45,17.12
2026-01-08,1.462,17.07
2026-01-09,1.461,17.84
2026-01-12,1.473,20.13
2026-01-13,1.523,19.38
2026-01-14,1.55,19.15
2026-01-15,1.485,16.83
2026-01-16,1.47,16.68
2026-01-19,1.467,15.75
2026-01-20,1.483,15.43
2026-01-21,1.488,15.77
2026-01-22,1.497,16.25
2026-01-23,1.491,17.91
2026-01-26,1.543,19.29
2026-01-27,1.564,17.96
2026-01-28,1.527,17.99
2026-01-29,1.572,17.99
2026-01-30,1.58,18.26
2026-02-02,1.485,23.03
2026-02-03,1.488,19.37
2026-02-04,1.473,17.63
2026-02-05,1.464,17.55
2026-02-06,1.435,18.26
2026-02-09,1.505,17.53
2026-02-10,1.531,16.8
2026-02-11,1.523,17.12
2026-02-12,1.518,17.11
2026-02-13,1.43,17.86
2026-02-14,1.3233,17.86
2026-02-24,1.553,16.59
2026-02-25,1.497,15.55
2026-02-26,1.457,15.15
2026-02-27,1.474,14.8
2026-02-28,1.5,14.8
2026-03-02,1.466,15.83
2026-03-03,1.448,18.32
2026-03-04,1.415,19.02
2026-03-05,1.412,16.53
2026-03-06,1.412,15.48
2026-03-09,1.423,17.88
2026-03-10,1.432,16.63
2026-03-11,1.46,17.12
2026-03-12,1.465,16.53
2026-03-13,1.457,17.12
2026-03-16,1.441,17.67
2026-03-17,1.4291,17.88
2026-03-18,1.425,19.33
2026-03-19,1.423,17.88
2026-03-20,1.417,19.94
2026-03-23,1.422,42.16
2026-03-24,1.417,28.87
2026-03-25,1.435,17.27
2026-03-26,1.438,18.54
2026-03-27,1.428,17.28
2026-03-30,1.418,17.67
2026-03-31,1.438,18.26
2026-04-01,1.421,16.34
2026-04-02,1.404,17.52
2026-04-03,1.338,18.54
2026-04-07,1.324,17.75
2026-04-08,1.323,16.25
2026-04-09,1.32,15.44
2026-04-10,1.319,15.64
2026-04-13,1.359,15.94
2026-04-14,1.36,15.9
2026-04-15,1.367,15.78
2026-04-16,1.336,15.61
2026-04-17,1.326,15.57
2026-04-20,1.328,15.07
2026-04-21,1.331,14.89
2026-04-22,1.327,14.8
2026-04-23,1.329,14.6
2026-04-24,1.324,14.42
2026-04-27,1.358,14.52
2026-04-28,1.364,14.3
2026-04-29,1.373,14.1
2026-04-30,1.391,14.57
2026-05-06,1.365,16.25
2026-05-07,1.381,15.83
2026-05-08,1.345,18.54
2026-05-09,1.318,18.54
2026-05-11,1.34,17.77
2026-05-12,1.308,18.33
2026-05-13,1.299,17.53
2026-05-14,1.305,17.92
2026-05-15,1.313,17.48
2026-05-18,1.322,17.82
2026-05-19,1.32,17.27
2026-05-20,1.339,16.94
2026-05-21,1.331,18.04
2026-05-22,1.365,17.63
2026-05-25,1.401,17.55
2026-05-26,1.377,18.11
