,code,code_name,first_appear_date
0,sh.600000,浦发银行,2015-01-01
1,sh.600004,白云机场,2019-01-01
2,sh.600005,武钢股份,2015-07-01
3,sh.600008,首创股份,2015-01-01
4,sh.600009,上海机场,2015-01-01
5,sh.600010,包钢股份,2015-01-01
6,sh.600011,华能国际,2015-01-01
7,sh.600015,华夏银行,2015-01-01
8,sh.600016,民生银行,2015-01-01
9,sh.600018,上港集团,2015-01-01
10,sh.600019,宝钢股份,2015-01-01
11,sh.600021,上海电力,2016-01-01
12,sh.600022,山东钢铁,2016-07-01
13,sh.600023,浙能电力,2015-01-01
14,sh.600025,华能水电,2018-07-01
15,sh.600026,中远海能,2024-07-01
16,sh.600027,华电国际,2015-01-01
17,sh.600028,中国石化,2015-01-01
18,sh.600029,南方航空,2015-01-01
19,sh.600030,中信证券,2015-01-01
20,sh.600031,三一重工,2015-01-01
21,sh.600036,招商银行,2015-01-01
22,sh.600037,歌华有线,2016-07-01
23,sh.600038,中直股份,2015-01-01
24,sh.600039,四川路桥,2023-07-01
25,sh.600048,保利地产,2015-01-01
26,sh.600050,中国联通,2015-01-01
27,sh.600058,五矿发展,2015-01-01
28,sh.600060,海信电器,2015-01-01
29,sh.600061,国投资本,2016-07-01
30,sh.600066,宇通客车,2015-01-01
31,sh.600068,葛洲坝,2015-01-01
32,sh.600074,*ST保千,2016-07-01
33,sh.600079,人福医药,2015-01-01
34,sh.600085,同仁堂,2015-01-01
35,sh.600089,特变电工,2015-01-01
36,sh.600098,广州发展,2016-07-01
37,sh.600100,同方股份,2015-01-01
38,sh.600104,上汽集团,2015-01-01
39,sh.600108,亚盛集团,2015-01-01
40,sh.600109,国金证券,2015-01-01
41,sh.600111,北方稀土,2015-01-01
42,sh.600115,东方航空,2015-01-01
43,sh.600118,中国卫星,2015-01-01
44,sh.600132,重庆啤酒,2022-01-01
45,sh.600143,金发科技,2015-01-01
46,sh.600150,*ST船舶,2015-01-01
47,sh.600153,建发股份,2015-01-01
48,sh.600157,永泰能源,2015-01-01
49,sh.600160,巨化股份,2025-01-01
50,sh.600161,天坛生物,2021-01-01
51,sh.600166,福田汽车,2015-01-01
52,sh.600170,上海建工,2015-01-01
53,sh.600176,中国巨石,2018-07-01
54,sh.600177,雅戈尔,2015-01-01
55,sh.600183,生益科技,2020-01-01
56,sh.600188,兖州煤业,2015-01-01
57,sh.600196,复星医药,2015-01-01
58,sh.600208,新湖中宝,2015-01-01
59,sh.600219,南山铝业,2018-01-01
60,sh.600221,海航控股,2015-01-01
61,sh.600233,圆通速递,2017-07-01
62,sh.600252,中恒集团,2015-01-01
63,sh.600256,广汇能源,2015-01-01
64,sh.600267,海正药业,2015-01-01
65,sh.600271,航天信息,2015-01-01
66,sh.600276,恒瑞医药,2015-01-01
67,sh.600277,亿利洁能,2015-01-01
68,sh.600297,广汇汽车,2017-01-01
69,sh.600299,安迪苏,2019-07-01
70,sh.600309,万华化学,2015-01-01
71,sh.600315,上海家化,2015-01-01
72,sh.600316,洪都航空,2015-01-01
73,sh.600317,营口港,2015-07-01
74,sh.600332,白云山,2015-01-01
75,sh.600339,中油工程,2018-07-01
76,sh.600340,华夏幸福,2015-01-01
77,sh.600346,恒力股份,2018-07-01
78,sh.600348,阳泉煤业,2015-01-01
79,sh.600350,山东高速,2016-01-01
80,sh.600352,浙江龙盛,2015-01-01
81,sh.600362,江西铜业,2015-01-01
82,sh.600369,西南证券,2015-01-01
83,sh.600372,中航电子,2015-01-01
84,sh.600373,中文传媒,2015-01-01
85,sh.600376,首开股份,2016-07-01
86,sh.600377,宁沪高速,2025-01-01
87,sh.600383,金地集团,2015-01-01
88,sh.600390,五矿资本,2018-01-01
89,sh.600395,盘江股份,2015-01-01
90,sh.600398,海澜之家,2015-01-01
91,sh.600406,国电南瑞,2015-01-01
92,sh.600415,小商品城,2015-01-01
93,sh.600426,华鲁恒升,2022-01-01
94,sh.600436,片仔癀,2015-01-01
95,sh.600438,通威股份,2018-07-01
96,sh.600446,金证股份,2016-07-01
97,sh.600460,士兰微,2022-07-01
98,sh.600482,中国动力,2017-01-01
99,sh.600485,信威集团,2015-01-01
100,sh.600487,亨通光电,2018-07-01
101,sh.600489,中金黄金,2015-01-01
102,sh.600497,驰宏锌锗,2015-01-01
103,sh.600498,烽火通信,2015-01-01
104,sh.600515,海南机场,2024-01-01
105,sh.600516,方大炭素,2015-01-01
106,sh.600518,康美药业,2015-01-01
107,sh.600519,贵州茅台,2015-01-01
108,sh.600521,华海药业,2022-01-01
109,sh.600522,中天科技,2017-07-01
110,sh.600535,天士力,2015-01-01
111,sh.600547,山东黄金,2015-01-01
112,sh.600549,厦门钨业,2015-01-01
113,sh.600566,济川药业,2019-01-01
114,sh.600570,恒生电子,2015-01-01
115,sh.600578,京能电力,2015-01-01
116,sh.600582,天地科技,2016-07-01
117,sh.600583,海油工程,2015-01-01
118,sh.600584,长电科技,2021-01-01
119,sh.600585,海螺水泥,2015-01-01
120,sh.600588,用友网络,2015-01-01
121,sh.600597,光明乳业,2015-01-01
122,sh.600600,青岛啤酒,2015-01-01
123,sh.600606,绿地控股,2016-07-01
124,sh.600633,浙数文化,2015-01-01
125,sh.600637,东方明珠,2015-01-01
126,sh.600642,申能股份,2015-01-01
127,sh.600648,外高桥,2015-01-01
128,sh.600649,城投控股,2015-01-01
129,sh.600654,ST中安,2017-01-01
130,sh.600655,豫园股份,2015-01-01
131,sh.600660,福耀玻璃,2015-01-01
132,sh.600663,陆家嘴,2015-01-01
133,sh.600664,哈药股份,2015-01-01
134,sh.600666,奥瑞德,2016-07-01
135,sh.600674,川投能源,2015-01-01
136,sh.600682,南京新百,2017-07-01
137,sh.600685,中船防务,2016-07-01
138,sh.600688,上海石化,2015-01-01
139,sh.600690,青岛海尔,2015-01-01
140,sh.600703,三安光电,2015-01-01
141,sh.600704,物产中大,2016-07-01
142,sh.600705,中航资本,2015-01-01
143,sh.600717,天津港,2015-07-01
144,sh.600718,东软集团,2015-01-01
145,sh.600732,爱旭股份,2023-07-01
146,sh.600733,北汽蓝谷,2019-07-01
147,sh.600737,中粮糖业,2016-07-01
148,sh.600739,辽宁成大,2015-01-01
149,sh.600741,华域汽车,2015-01-01
150,sh.600745,闻泰科技,2020-07-01
151,sh.600754,锦江股份,2017-01-01
152,sh.600760,中航沈飞,2019-01-01
153,sh.600763,通策医疗,2021-01-01
154,sh.600783,鲁信创投,2015-01-01
155,sh.600795,国电电力,2015-01-01
156,sh.600803,新奥股份,2023-07-01
157,sh.600804,鹏博士,2015-01-01
158,sh.600809,山西汾酒,2015-01-01
159,sh.600816,安信信托,2016-07-01
160,sh.600820,隧道股份,2016-01-01
161,sh.600827,百联股份,2015-01-01
162,sh.600832,东方明珠,2015-01-01
163,sh.600837,海通证券,2015-01-01
164,sh.600839,四川长虹,2015-01-01
165,sh.600845,宝信软件,2021-01-01
166,sh.600848,上海临港,2020-01-01
167,sh.600863,内蒙华电,2015-01-01
168,sh.600867,通化东宝,2015-01-01
169,sh.600871,*ST油服,2016-07-01
170,sh.600872,中炬高新,2021-01-01
171,sh.600873,梅花生物,2015-01-01
172,sh.600875,东方电气,2015-01-01
173,sh.600880,博瑞传播,2015-01-01
174,sh.600884,杉杉股份,2023-07-01
175,sh.600886,国投电力,2015-01-01
176,sh.600887,伊利股份,2015-01-01
177,sh.600893,航发动力,2015-01-01
178,sh.600895,张江高科,2016-01-01
179,sh.600900,长江电力,2015-01-01
180,sh.600905,三峡能源,2022-07-01
181,sh.600909,华安证券,2017-07-01
182,sh.600918,中泰证券,2021-01-01
183,sh.600919,江苏银行,2017-07-01
184,sh.600926,杭州银行,2017-07-01
185,sh.600928,西安银行,2020-01-01
186,sh.600938,中国海油,2024-01-01
187,sh.600941,中国移动,2022-07-01
188,sh.600958,东方证券,2015-07-01
189,sh.600959,江苏有线,2016-01-01
190,sh.600968,海油发展,2020-01-01
191,sh.600977,中国电影,2017-07-01
192,sh.600989,宝丰能源,2020-01-01
193,sh.600998,九州通,2015-01-01
194,sh.600999,招商证券,2015-01-01
195,sh.601006,大秦铁路,2015-01-01
196,sh.601009,南京银行,2015-01-01
197,sh.601012,隆基股份,2018-01-01
198,sh.601016,节能风电,2016-01-01
199,sh.601018,宁波港,2015-01-01
200,sh.601021,春秋航空,2015-07-01
201,sh.601059,信达证券,2024-01-01
202,sh.601066,中信建投,2019-01-01
203,sh.601077,渝农商行,2020-07-01
204,sh.601088,中国神华,2015-01-01
205,sh.601098,中南传媒,2015-01-01
206,sh.601099,太平洋,2015-07-01
207,sh.601100,恒立液压,2020-07-01
208,sh.601106,中国一重,2015-07-01
209,sh.601108,财通证券,2018-07-01
210,sh.601111,中国国航,2015-01-01
211,sh.601117,中国化学,2015-01-01
212,sh.601118,海南橡胶,2015-01-01
213,sh.601127,小康股份,2017-01-01
214,sh.601136,首创证券,2025-01-01
215,sh.601138,工业富联,2019-01-01
216,sh.601155,新城控股,2017-01-01
217,sh.601158,重庆水务,2015-01-01
218,sh.601162,天风证券,2019-07-01
219,sh.601163,三角轮胎,2017-07-01
220,sh.601166,兴业银行,2015-01-01
221,sh.601168,西部矿业,2015-01-01
222,sh.601169,北京银行,2015-01-01
223,sh.601179,中国西电,2015-01-01
224,sh.601186,中国铁建,2015-01-01
225,sh.601198,东兴证券,2016-01-01
226,sh.601211,国泰君安,2016-01-01
227,sh.601212,白银有色,2018-01-01
228,sh.601216,君正集团,2015-01-01
229,sh.601225,陕西煤业,2015-01-01
230,sh.601228,广州港,2018-01-01
231,sh.601229,上海银行,2017-07-01
232,sh.601231,环旭电子,2015-01-01
233,sh.601236,红塔证券,2020-01-01
234,sh.601238,广汽集团,2016-01-01
235,sh.601258,庞大集团,2015-01-01
236,sh.601288,农业银行,2015-01-01
237,sh.601298,青岛港,2019-07-01
238,sh.601299,中国北车,2015-01-01
239,sh.601318,中国平安,2015-01-01
240,sh.601319,中国人保,2019-07-01
241,sh.601328,交通银行,2015-01-01
242,sh.601333,广深铁路,2015-01-01
243,sh.601336,新华保险,2015-01-01
244,sh.601360,三六零,2018-07-01
245,sh.601375,中原证券,2017-07-01
246,sh.601377,兴业证券,2015-01-01
247,sh.601390,中国中铁,2015-01-01
248,sh.601398,工商银行,2015-01-01
249,sh.601555,东吴证券,2015-01-01
250,sh.601577,长沙银行,2019-07-01
251,sh.601600,中国铝业,2015-01-01
252,sh.601601,中国太保,2015-01-01
253,sh.601607,上海医药,2015-01-01
254,sh.601608,中信重工,2016-01-01
255,sh.601611,中国核建,2017-01-01
256,sh.601615,明阳智能,2023-07-01
257,sh.601618,中国中冶,2015-01-01
258,sh.601628,中国人寿,2015-01-01
259,sh.601633,长城汽车,2015-01-01
260,sh.601658,邮储银行,2020-07-01
261,sh.601668,中国建筑,2015-01-01
262,sh.601669,中国电建,2015-01-01
263,sh.601688,华泰证券,2015-01-01
264,sh.601689,拓普集团,2023-07-01
265,sh.601696,中银证券,2021-01-01
266,sh.601698,中国卫通,2020-01-01
267,sh.601699,潞安环能,2015-01-01
268,sh.601718,际华集团,2016-01-01
269,sh.601727,上海电气,2015-01-01
270,sh.601728,中国电信,2022-07-01
271,sh.601766,中国中车,2015-01-01
272,sh.601788,光大证券,2015-07-01
273,sh.601799,星宇股份,2022-01-01
274,sh.601800,中国交建,2015-01-01
275,sh.601808,中海油服,2015-01-01
276,sh.601816,京沪高铁,2020-07-01
277,sh.601818,光大银行,2015-01-01
278,sh.601825,沪农商行,2022-07-01
279,sh.601828,美凯龙,2018-07-01
280,sh.601838,成都银行,2018-07-01
281,sh.601857,中国石油,2015-01-01
282,sh.601865,福莱特,2022-07-01
283,sh.601866,中远海发,2015-01-01
284,sh.601868,中国能建,2022-07-01
285,sh.601872,招商轮船,2016-01-01
286,sh.601877,正泰电器,2017-01-01
287,sh.601878,浙商证券,2018-01-01
288,sh.601881,中国银河,2017-07-01
289,sh.601888,中国国旅,2015-01-01
290,sh.601898,中煤能源,2015-01-01
291,sh.601899,紫金矿业,2015-01-01
292,sh.601901,方正证券,2015-01-01
293,sh.601916,浙商银行,2020-07-01
294,sh.601919,中远海控,2015-07-01
295,sh.601928,凤凰传媒,2015-01-01
296,sh.601929,吉视传媒,2015-01-01
297,sh.601933,永辉超市,2015-01-01
298,sh.601939,建设银行,2015-01-01
299,sh.601958,金钼股份,2015-01-01
300,sh.601966,玲珑轮胎,2017-07-01
301,sh.601969,海南矿业,2015-07-01
302,sh.601985,中国核电,2016-01-01
303,sh.601988,中国银行,2015-01-01
304,sh.601989,中国重工,2015-01-01
305,sh.601990,南京证券,2021-01-01
306,sh.601991,大唐发电,2015-07-01
307,sh.601992,金隅集团,2015-01-01
308,sh.601995,中金公司,2022-01-01
309,sh.601997,贵阳银行,2017-07-01
310,sh.601998,中信银行,2015-01-01
311,sh.603000,人民网,2015-01-01
312,sh.603019,中科曙光,2019-07-01
313,sh.603087,甘李药业,2021-01-01
314,sh.603156,养元饮品,2019-01-01
315,sh.603160,汇顶科技,2017-07-01
316,sh.603185,上机数控,2022-07-01
317,sh.603195,公牛集团,2021-01-01
318,sh.603233,大参林,2022-01-01
319,sh.603259,药明康德,2019-01-01
320,sh.603260,合盛硅业,2018-07-01
321,sh.603288,海天味业,2015-01-01
322,sh.603290,斯达半导,2022-07-01
323,sh.603296,华勤技术,2024-07-01
324,sh.603338,浙江鼎力,2022-01-01
325,sh.603369,今世缘,2020-07-01
326,sh.603392,万泰生物,2021-01-01
327,sh.603486,科沃斯,2022-07-01
328,sh.603501,韦尔股份,2020-01-01
329,sh.603517,绝味食品,2022-01-01
330,sh.603658,安图生物,2020-07-01
331,sh.603659,璞泰来,2022-01-01
332,sh.603699,纽威股份,2015-01-01
333,sh.603799,华友钴业,2018-01-01
334,sh.603806,福斯特,2022-01-01
335,sh.603833,欧派家居,2018-01-01
336,sh.603858,步长制药,2017-07-01
337,sh.603882,金域医学,2022-01-01
338,sh.603885,吉祥航空,2016-01-01
339,sh.603899,晨光文具,2020-01-01
340,sh.603939,益丰药房,2022-01-01
341,sh.603986,兆易创新,2019-01-01
342,sh.603993,洛阳钼业,2015-01-01
343,sh.605117,德业股份,2023-07-01
344,sh.605499,东鹏饮料,2022-07-01
345,sh.688005,容百科技,2022-07-01
346,sh.688008,澜起科技,2021-01-01
347,sh.688009,中国通号,2021-01-01
348,sh.688012,中微公司,2021-01-01
349,sh.688036,传音控股,2021-01-01
350,sh.688041,海光信息,2024-01-01
351,sh.688065,凯赛生物,2022-07-01
352,sh.688082,盛美上海,2024-07-01
353,sh.688111,金山办公,2022-01-01
354,sh.688126,沪硅产业,2022-01-01
355,sh.688169,石头科技,2022-01-01
356,sh.688187,时代电气,2023-07-01
357,sh.688223,晶科能源,2023-07-01
358,sh.688256,寒武纪,2024-01-01
359,sh.688271,联影医疗,2024-01-01
360,sh.688303,大全能源,2023-07-01
361,sh.688363,华熙生物,2022-01-01
362,sh.688396,华润微,2022-01-01
363,sh.688472,阿特斯,2025-01-01
364,sh.688506,百利天恒,2025-01-01
365,sh.688561,奇安信,2022-07-01
366,sh.688599,天合光能,2022-07-01
367,sh.688981,中芯国际,2022-07-01
368,sz.000001,平安银行,2015-01-01
369,sz.000002,万科A,2015-01-01
370,sz.000008,神州高铁,2017-01-01
371,sz.000009,中国宝安,2015-01-01
372,sz.000024,招商地产,2015-01-01
373,sz.000027,深圳能源,2015-01-01
374,sz.000039,中集集团,2015-01-01
375,sz.000046,泛海控股,2015-07-01
376,sz.000060,中金岭南,2015-01-01
377,sz.000061,农产品,2015-01-01
378,sz.000063,中兴通讯,2015-01-01
379,sz.000066,中国长城,2020-07-01
380,sz.000069,华侨城A,2015-01-01
381,sz.000100,TCL集团,2015-01-01
382,sz.000156,华数传媒,2015-01-01
383,sz.000157,中联重科,2015-01-01
384,sz.000166,申万宏源,2015-07-01
385,sz.000301,东方盛虹,2022-07-01
386,sz.000333,美的集团,2015-01-01
387,sz.000338,潍柴动力,2015-01-01
388,sz.000400,许继电气,2015-01-01
389,sz.000401,冀东水泥,2015-01-01
390,sz.000402,金融街,2015-01-01
391,sz.000408,藏格控股,2019-01-01
392,sz.000413,东旭光电,2015-01-01
393,sz.000415,渤海金控,2016-01-01
394,sz.000423,东阿阿胶,2015-01-01
395,sz.000425,徐工机械,2015-01-01
396,sz.000503,国新健康,2015-01-01
397,sz.000536,华映科技,2015-01-01
398,sz.000538,云南白药,2015-01-01
399,sz.000539,粤电力A,2015-07-01
400,sz.000540,中天金融,2016-01-01
401,sz.000553,沙隆达A,2019-01-01
402,sz.000555,神州信息,2017-01-01
403,sz.000559,万向钱潮,2015-01-01
404,sz.000562,宏源证券,2015-01-01
405,sz.000568,泸州老窖,2015-01-01
406,sz.000581,威孚高科,2015-01-01
407,sz.000596,古井贡酒,2019-07-01
408,sz.000598,兴蓉环境,2015-01-01
409,sz.000617,中油资本,2023-07-01
410,sz.000623,吉林敖东,2015-01-01
411,sz.000625,长安汽车,2015-01-01
412,sz.000627,天茂集团,2017-01-01
413,sz.000629,攀钢钒钛,2015-01-01
414,sz.000630,铜陵有色,2015-01-01
415,sz.000651,格力电器,2015-01-01
416,sz.000656,金科股份,2019-07-01
417,sz.000661,长春高新,2019-01-01
418,sz.000671,阳光城,2017-01-01
419,sz.000686,东北证券,2015-01-01
420,sz.000703,恒逸石化,2019-01-01
421,sz.000708,中信特钢,2020-07-01
422,sz.000709,河钢股份,2015-01-01
423,sz.000712,锦龙股份,2015-07-01
424,sz.000718,苏宁环球,2017-01-01
425,sz.000723,美锦能源,2018-01-01
426,sz.000725,京东方A,2015-01-01
427,sz.000728,国元证券,2015-01-01
428,sz.000729,燕京啤酒,2015-01-01
429,sz.000733,振华科技,2023-07-01
430,sz.000738,航发控制,2015-07-01
431,sz.000750,国海证券,2015-01-01
432,sz.000768,中航飞机,2015-01-01
433,sz.000776,广发证券,2015-01-01
434,sz.000778,新兴铸管,2015-01-01
435,sz.000783,长江证券,2015-01-01
436,sz.000786,北新建材,2018-07-01
437,sz.000792,盐湖股份,2015-01-01
438,sz.000793,华闻传媒,2015-01-01
439,sz.000800,一汽轿车,2015-01-01
440,sz.000807,云铝股份,2024-07-01
441,sz.000825,太钢不锈,2015-01-01
442,sz.000826,启迪桑德,2015-01-01
443,sz.000831,五矿稀土,2015-01-01
444,sz.000839,中信国安,2015-01-01
445,sz.000858,五粮液,2015-01-01
446,sz.000860,顺鑫农业,2020-07-01
447,sz.000869,张裕A,2015-01-01
448,sz.000876,新希望,2015-01-01
449,sz.000877,天山股份,2022-07-01
450,sz.000878,云南铜业,2015-01-01
451,sz.000883,湖北能源,2015-01-01
452,sz.000895,双汇发展,2015-01-01
453,sz.000898,鞍钢股份,2015-01-01
454,sz.000917,电广传媒,2015-01-01
455,sz.000937,冀中能源,2015-01-01
456,sz.000938,紫光股份,2017-01-01
457,sz.000959,首钢股份,2017-07-01
458,sz.000960,锡业股份,2015-01-01
459,sz.000961,中南建设,2017-07-01
460,sz.000963,华东医药,2015-01-01
461,sz.000970,中科三环,2015-01-01
462,sz.000975,山金国际,2025-01-01
463,sz.000977,浪潮信息,2016-07-01
464,sz.000983,西山煤电,2015-01-01
465,sz.000999,华润三九,2015-01-01
466,sz.001289,龙源电力,2022-07-01
467,sz.001965,招商公路,2018-07-01
468,sz.001979,招商蛇口,2016-07-01
469,sz.002001,新和成,2015-01-01
470,sz.002007,华兰生物,2015-01-01
471,sz.002008,大族激光,2015-01-01
472,sz.002010,传化智联,2019-07-01
473,sz.002024,苏宁易购,2015-01-01
474,sz.002027,分众传媒,2016-07-01
475,sz.002028,思源电气,2025-01-01
476,sz.002032,苏泊尔,2019-01-01
477,sz.002038,双鹭药业,2015-01-01
478,sz.002044,美年健康,2017-07-01
479,sz.002049,紫光国微,2017-01-01
480,sz.002050,三花智控,2018-07-01
481,sz.002051,中工国际,2015-01-01
482,sz.002064,华峰化学,2022-07-01
483,sz.002065,东华软件,2015-01-01
484,sz.002074,国轩高科,2017-01-01
485,sz.002081,金螳螂,2015-01-01
486,sz.002085,万丰奥威,2017-01-01
487,sz.002120,韵达股份,2019-01-01
488,sz.002129,中环股份,2015-01-01
489,sz.002131,利欧股份,2017-01-01
490,sz.002142,宁波银行,2015-01-01
491,sz.002146,荣盛发展,2015-01-01
492,sz.002152,广电运通,2016-07-01
493,sz.002153,石基信息,2015-01-01
494,sz.002157,正邦科技,2020-07-01
495,sz.002174,游族网络,2017-01-01
496,sz.002179,中航光电,2019-01-01
497,sz.002180,纳思达,2023-07-01
498,sz.002183,怡亚通,2016-07-01
499,sz.002195,二三四五,2016-01-01
500,sz.002202,金风科技,2015-01-01
501,sz.002230,科大讯飞,2015-01-01
502,sz.002236,大华股份,2015-01-01
503,sz.002241,歌尔股份,2015-01-01
504,sz.002252,上海莱士,2015-01-01
505,sz.002271,东方雨虹,2019-01-01
506,sz.002292,奥飞娱乐,2015-01-01
507,sz.002294,信立泰,2015-01-01
508,sz.002299,圣农发展,2017-01-01
509,sz.002304,洋河股份,2015-01-01
510,sz.002310,东方园林,2015-01-01
511,sz.002311,海大集团,2019-01-01
512,sz.002344,海宁皮城,2015-01-01
513,sz.002352,顺丰控股,2017-07-01
514,sz.002353,杰瑞股份,2015-01-01
515,sz.002371,北方华创,2020-07-01
516,sz.002375,亚厦股份,2015-01-01
517,sz.002384,东山精密,2021-01-01
518,sz.002385,大北农,2015-01-01
519,sz.002399,海普瑞,2015-01-01
520,sz.002400,省广集团,2015-01-01
521,sz.002410,广联达,2015-01-01
522,sz.002411,必康股份,2017-07-01
523,sz.002414,高德红外,2021-01-01
524,sz.002415,海康威视,2015-01-01
525,sz.002416,爱施德,2015-01-01
526,sz.002422,科伦药业,2015-01-01
527,sz.002424,贵州百灵,2016-07-01
528,sz.002426,胜利精密,2017-01-01
529,sz.002429,兆驰股份,2015-01-01
530,sz.002450,康得新,2015-01-01
531,sz.002456,欧菲科技,2015-01-01
532,sz.002459,晶澳科技,2022-07-01
533,sz.002460,赣锋锂业,2018-01-01
534,sz.002463,沪电股份,2020-07-01
535,sz.002465,海格通信,2015-01-01
536,sz.002466,天齐锂业,2017-01-01
537,sz.002468,申通快递,2018-01-01
538,sz.002470,金正大,2015-01-01
539,sz.002475,立讯精密,2015-01-01
540,sz.002493,荣盛石化,2018-07-01
541,sz.002500,山西证券,2015-01-01
542,sz.002508,老板电器,2017-07-01
543,sz.002555,三七互娱,2017-07-01
544,sz.002558,巨人网络,2017-07-01
545,sz.002568,百润股份,2016-07-01
546,sz.002570,*ST因美,2015-01-01
547,sz.002572,索菲亚,2018-01-01
548,sz.002594,比亚迪,2015-01-01
549,sz.002600,领益智造,2021-01-01
550,sz.002601,龙蟒佰利,2018-01-01
551,sz.002602,世纪华通,2017-07-01
552,sz.002603,以岭药业,2015-01-01
553,sz.002607,中公教育,2020-01-01
554,sz.002608,江苏国信,2018-01-01
555,sz.002624,完美世界,2018-01-01
556,sz.002625,光启技术,2018-07-01
557,sz.002648,卫星化学,2022-07-01
558,sz.002653,海思科,2015-01-01
559,sz.002673,西部证券,2015-01-01
560,sz.002709,天赐材料,2022-07-01
561,sz.002714,牧原股份,2017-01-01
562,sz.002736,国信证券,2015-07-01
563,sz.002739,万达电影,2016-01-01
564,sz.002756,永兴材料,2023-07-01
565,sz.002773,康弘药业,2019-01-01
566,sz.002791,坚朗五金,2022-07-01
567,sz.002797,第一创业,2017-01-01
568,sz.002812,恩捷股份,2021-01-01
569,sz.002821,凯莱英,2021-01-01
570,sz.002831,裕同科技,2017-07-01
571,sz.002839,张家港行,2017-07-01
572,sz.002841,视源股份,2017-07-01
573,sz.002916,深南电路,2020-01-01
574,sz.002920,德赛西威,2022-07-01
575,sz.002925,盈趣科技,2018-07-01
576,sz.002938,鹏鼎控股,2019-07-01
577,sz.002939,长城证券,2019-07-01
578,sz.002945,华林证券,2019-07-01
579,sz.002958,青农商行,2020-01-01
580,sz.003816,中国广核,2020-07-01
581,sz.300002,神州泰岳,2015-07-01
582,sz.300003,乐普医疗,2015-07-01
583,sz.300014,亿纬锂能,2020-07-01
584,sz.300015,爱尔眼科,2015-01-01
585,sz.300017,网宿科技,2015-01-01
586,sz.300024,机器人,2015-01-01
587,sz.300027,华谊兄弟,2015-01-01
588,sz.300033,同花顺,2017-01-01
589,sz.300058,蓝色光标,2015-01-01
590,sz.300059,东方财富,2015-07-01
591,sz.300070,碧水源,2015-01-01
592,sz.300072,三聚环保,2017-01-01
593,sz.300085,银之杰,2016-07-01
594,sz.300104,乐视网,2015-07-01
595,sz.300122,智飞生物,2018-01-01
596,sz.300124,汇川技术,2015-01-01
597,sz.300133,华策影视,2015-01-01
598,sz.300136,信维通信,2018-01-01
599,sz.300142,沃森生物,2019-01-01
600,sz.300144,宋城演艺,2016-01-01
601,sz.300146,汤臣倍健,2015-01-01
602,sz.300168,万达信息,2016-07-01
603,sz.300182,捷成股份,2017-01-01
604,sz.300207,欣旺达,2022-07-01
605,sz.300223,北京君正,2022-07-01
606,sz.300251,光线传媒,2015-01-01
607,sz.300274,阳光电源,2022-01-01
608,sz.300296,利亚德,2019-01-01
609,sz.300308,中际旭创,2024-01-01
610,sz.300315,掌趣科技,2016-01-01
611,sz.300316,晶盛机电,2022-07-01
612,sz.300347,泰格医药,2020-01-01
613,sz.300394,天孚通信,2025-01-01
614,sz.300408,三环集团,2018-07-01
615,sz.300413,芒果超媒,2019-07-01
616,sz.300418,昆仑万维,2024-07-01
617,sz.300433,蓝思科技,2018-07-01
618,sz.300442,润泽科技,2024-07-01
619,sz.300450,先导智能,2022-01-01
620,sz.300454,深信服,2022-07-01
621,sz.300496,中科创达,2022-07-01
622,sz.300498,温氏股份,2019-07-01
623,sz.300502,新易盛,2025-01-01
624,sz.300529,健帆生物,2021-01-01
625,sz.300558,贝达药业,2022-01-01
626,sz.300595,欧普康视,2022-01-01
627,sz.300601,康泰生物,2020-07-01
628,sz.300628,亿联网络,2020-07-01
629,sz.300661,圣邦股份,2022-07-01
630,sz.300676,华大基因,2021-01-01
631,sz.300677,英科医疗,2022-01-01
632,sz.300750,宁德时代,2022-07-01
633,sz.300751,迈为股份,2022-07-01
634,sz.300759,康龙化成,2022-07-01
635,sz.300760,迈瑞医疗,2022-07-01
636,sz.300763,锦浪科技,2022-07-01
637,sz.300769,德方纳米,2023-07-01
638,sz.300782,卓胜微,2022-07-01
639,sz.300832,新产业,2024-07-01
640,sz.300866,安克创新,2022-07-01
641,sz.300896,爱美客,2022-07-01
642,sz.300919,中伟股份,2022-07-01
643,sz.300957,贝泰妮,2022-07-01
644,sz.300979,华利集团,2022-07-01
645,sz.300999,金龙鱼,2022-07-01
646,sz.301269,华大九天,2024-01-01
