date,open,high,low,close,volume,hold,settle,品种,类别,交易所,合约代码
2022-07-22,7050.0,7085.2,6857.0,6956.6,22153,17517,0.0,中证1000股指期货,股指期货,CFFEX,IM0
2022-07-25,6974.2,7015.8,6850.0,6878.6,22883,18747,0.0,中证1000股指期货,股指期货,CFFEX,IM0
2022-07-26,6898.0,6994.0,6844.8,6991.0,19269,20386,0.0,中证1000股指期货,股指期货,CFFEX,IM0
2022-07-27,6982.0,7074.4,6965.2,7066.2,19290,21390,0.0,中证1000股指期货,股指期货,CFFEX,IM0
2022-07-28,7110.0,7171.4,7072.4,7119.0,22464,24584,0.0,中证1000股指期货,股指期货,CFFEX,IM0
2022-07-29,7130.0,7152.0,7068.0,7087.0,25025,25557,0.0,中证1000股指期货,股指期货,CFFEX,IM0
2022-08-01,7070.2,7141.0,7004.4,7136.6,22084,24149,0.0,中证1000股指期货,股指期货,CFFEX,IM0
2022-08-02,7070.0,7075.0,6820.4,6948.2,37753,31769,0.0,中证1000股指期货,股指期货,CFFEX,IM0
2022-08-03,6990.0,7062.0,6860.8,6882.8,32325,29243,0.0,中证1000股指期货,股指期货,CFFEX,IM0
2022-08-04,6933.0,6942.8,6778.2,6890.8,35394,30899,0.0,中证1000股指期货,股指期货,CFFEX,IM0
2022-08-05,6903.4,7080.8,6903.4,7080.0,31492,28786,0.0,中证1000股指期货,股指期货,CFFEX,IM0
2022-08-08,7060.0,7145.0,7039.6,7132.2,20853,26514,0.0,中证1000股指期货,股指期货,CFFEX,IM0
2022-08-09,7120.0,7164.8,7084.4,7160.6,18871,25359,0.0,中证1000股指期货,股指期货,CFFEX,IM0
2022-08-10,7138.0,7202.0,7130.0,7168.4,21848,26391,0.0,中证1000股指期货,股指期货,CFFEX,IM0
2022-08-11,7201.4,7287.6,7179.6,7284.8,22671,24871,0.0,中证1000股指期货,股指期货,CFFEX,IM0
2022-08-12,7275.0,7306.0,7205.4,7222.4,19678,23573,0.0,中证1000股指期货,股指期货,CFFEX,IM0
2022-08-15,7210.0,7297.6,7206.0,7266.0,20698,23063,0.0,中证1000股指期货,股指期货,CFFEX,IM0
2022-08-16,7275.0,7361.4,7257.2,7311.0,21099,20891,0.0,中证1000股指期货,股指期货,CFFEX,IM0
2022-08-17,7317.0,7346.4,7263.8,7327.6,18274,17086,0.0,中证1000股指期货,股指期货,CFFEX,IM0
2022-08-18,7320.0,7370.4,7303.0,7358.8,14405,10606,0.0,中证1000股指期货,股指期货,CFFEX,IM0
2022-08-19,7319.0,7337.0,7183.2,7186.4,31515,41807,0.0,中证1000股指期货,股指期货,CFFEX,IM0
2022-08-22,7179.8,7252.8,7119.4,7232.4,27615,41665,0.0,中证1000股指期货,股指期货,CFFEX,IM0
2022-08-23,7224.0,7259.8,7208.6,7253.6,25221,40321,0.0,中证1000股指期货,股指期货,CFFEX,IM0
2022-08-24,7263.0,7277.0,6951.4,6969.8,43723,45038,0.0,中证1000股指期货,股指期货,CFFEX,IM0
2022-08-25,6995.0,6999.0,6865.0,6940.4,40047,44392,0.0,中证1000股指期货,股指期货,CFFEX,IM0
2022-08-26,6968.6,7032.0,6886.4,6911.6,34552,44639,0.0,中证1000股指期货,股指期货,CFFEX,IM0
2022-08-29,6810.0,6979.0,6805.0,6950.0,35892,45432,0.0,中证1000股指期货,股指期货,CFFEX,IM0
2022-08-30,6954.2,6965.4,6887.2,6941.0,30897,43960,0.0,中证1000股指期货,股指期货,CFFEX,IM0
2022-08-31,6918.4,6931.8,6699.0,6710.2,47768,48827,0.0,中证1000股指期货,股指期货,CFFEX,IM0
2022-09-01,6720.0,6787.2,6649.8,6682.6,38108,43659,0.0,中证1000股指期货,股指期货,CFFEX,IM0
2022-09-02,6706.4,6773.4,6669.8,6730.2,34760,42659,0.0,中证1000股指期货,股指期货,CFFEX,IM0
2022-09-05,6726.4,6810.8,6691.8,6747.2,30586,38945,0.0,中证1000股指期货,股指期货,CFFEX,IM0
2022-09-06,6770.0,6885.0,6738.0,6879.8,33895,40847,0.0,中证1000股指期货,股指期货,CFFEX,IM0
2022-09-07,6851.0,6954.0,6851.0,6920.2,27172,37445,0.0,中证1000股指期货,股指期货,CFFEX,IM0
2022-09-08,6921.4,6944.8,6864.0,6874.4,24336,36622,0.0,中证1000股指期货,股指期货,CFFEX,IM0
2022-09-09,6893.0,6918.8,6836.2,6913.0,31079,35762,0.0,中证1000股指期货,股指期货,CFFEX,IM0
2022-09-13,6935.2,6957.6,6872.0,6891.4,26519,30839,0.0,中证1000股指期货,股指期货,CFFEX,IM0
2022-09-14,6810.0,6851.0,6784.8,6826.0,27940,26703,0.0,中证1000股指期货,股指期货,CFFEX,IM0
2022-09-15,6855.4,6860.0,6524.4,6596.4,29581,17024,0.0,中证1000股指期货,股指期货,CFFEX,IM0
2022-09-16,6500.0,6557.8,6369.2,6383.2,42595,42941,0.0,中证1000股指期货,股指期货,CFFEX,IM0
2022-09-19,6373.0,6428.2,6257.0,6298.2,41542,44209,0.0,中证1000股指期货,股指期货,CFFEX,IM0
2022-09-20,6361.0,6464.8,6343.0,6388.8,37253,42171,0.0,中证1000股指期货,股指期货,CFFEX,IM0
2022-09-21,6368.0,6447.6,6303.0,6412.6,39329,43368,0.0,中证1000股指期货,股指期货,CFFEX,IM0
2022-09-22,6373.4,6506.8,6368.0,6435.8,40306,41743,0.0,中证1000股指期货,股指期货,CFFEX,IM0
2022-09-23,6437.0,6458.8,6246.0,6323.4,55619,47752,0.0,中证1000股指期货,股指期货,CFFEX,IM0
2022-09-26,6288.0,6391.0,6251.2,6255.0,41247,43783,0.0,中证1000股指期货,股指期货,CFFEX,IM0
2022-09-27,6289.0,6405.0,6270.8,6398.8,41677,42452,0.0,中证1000股指期货,股指期货,CFFEX,IM0
2022-09-28,6380.2,6393.2,6201.2,6202.6,48495,46383,0.0,中证1000股指期货,股指期货,CFFEX,IM0
2022-09-29,6275.0,6308.0,6180.2,6232.4,44555,44324,0.0,中证1000股指期货,股指期货,CFFEX,IM0
2022-09-30,6242.0,6247.4,6098.2,6103.0,42514,42279,0.0,中证1000股指期货,股指期货,CFFEX,IM0
2022-10-10,6121.6,6142.8,5941.4,5976.0,35148,40822,0.0,中证1000股指期货,股指期货,CFFEX,IM0
2022-10-11,5990.0,6030.0,5935.0,5994.2,35293,41560,0.0,中证1000股指期货,股指期货,CFFEX,IM0
2022-10-12,5985.6,6182.4,5895.2,6169.2,51182,42940,0.0,中证1000股指期货,股指期货,CFFEX,IM0
2022-10-13,6147.6,6305.0,6142.2,6242.4,39115,39171,0.0,中证1000股指期货,股指期货,CFFEX,IM0
2022-10-14,6300.0,6437.4,6273.2,6418.0,39202,36866,0.0,中证1000股指期货,股指期货,CFFEX,IM0
2022-10-17,6400.0,6487.4,6396.8,6448.0,31880,33532,0.0,中证1000股指期货,股指期货,CFFEX,IM0
2022-10-18,6466.0,6547.8,6432.4,6497.2,30270,29775,0.0,中证1000股指期货,股指期货,CFFEX,IM0
2022-10-19,6477.0,6545.0,6452.4,6462.4,29061,23707,0.0,中证1000股指期货,股指期货,CFFEX,IM0
2022-10-20,6435.2,6543.8,6328.6,6445.8,28712,16423,0.0,中证1000股指期货,股指期货,CFFEX,IM0
2022-10-21,6376.0,6424.8,6315.0,6377.4,36648,37244,0.0,中证1000股指期货,股指期货,CFFEX,IM0
2022-10-24,6370.0,6554.4,6267.0,6360.0,52094,42297,0.0,中证1000股指期货,股指期货,CFFEX,IM0
2022-10-25,6340.0,6389.0,6212.4,6340.8,51852,43255,0.0,中证1000股指期货,股指期货,CFFEX,IM0
2022-10-26,6348.2,6578.0,6336.2,6500.6,59542,46450,0.0,中证1000股指期货,股指期货,CFFEX,IM0
2022-10-27,6534.2,6560.0,6453.0,6473.0,42741,44611,0.0,中证1000股指期货,股指期货,CFFEX,IM0
2022-10-28,6426.2,6462.6,6202.0,6224.2,51221,49201,0.0,中证1000股指期货,股指期货,CFFEX,IM0
2022-10-31,6203.0,6360.0,6185.4,6286.6,48429,45610,0.0,中证1000股指期货,股指期货,CFFEX,IM0
2022-11-01,6317.0,6471.0,6271.4,6471.0,50479,47333,0.0,中证1000股指期货,股指期货,CFFEX,IM0
2022-11-02,6459.0,6561.8,6447.0,6532.0,35874,42370,0.0,中证1000股指期货,股指期货,CFFEX,IM0
2022-11-03,6493.0,6589.0,6493.0,6563.4,33815,44664,0.0,中证1000股指期货,股指期货,CFFEX,IM0
2022-11-04,6588.0,6750.8,6564.2,6746.6,43107,45654,0.0,中证1000股指期货,股指期货,CFFEX,IM0
2022-11-07,6731.4,6777.0,6661.0,6711.8,37120,44441,0.0,中证1000股指期货,股指期货,CFFEX,IM0
2022-11-08,6045.4,6717.8,6045.4,6707.6,28811,41036,0.0,中证1000股指期货,股指期货,CFFEX,IM0
2022-11-09,6700.4,6748.0,6660.0,6674.8,29093,41426,0.0,中证1000股指期货,股指期货,CFFEX,IM0
2022-11-10,6638.0,6667.0,6584.0,6616.0,33758,39501,0.0,中证1000股指期货,股指期货,CFFEX,IM0
2022-11-11,6800.0,6811.6,6641.8,6645.0,45127,41806,0.0,中证1000股指期货,股指期货,CFFEX,IM0
2022-11-14,6668.0,6714.0,6565.6,6592.2,36933,35029,0.0,中证1000股指期货,股指期货,CFFEX,IM0
2022-11-15,6595.0,6753.2,6582.6,6753.0,33028,29552,0.0,中证1000股指期货,股指期货,CFFEX,IM0
2022-11-16,6747.8,6774.6,6691.6,6698.2,23921,20940,0.0,中证1000股指期货,股指期货,CFFEX,IM0
2022-11-17,6682.4,6722.0,6634.0,6715.2,20540,13082,0.0,中证1000股指期货,股指期货,CFFEX,IM0
2022-11-18,6700.6,6760.0,6631.4,6646.4,41232,65843,0.0,中证1000股指期货,股指期货,CFFEX,IM0
2022-11-21,6606.2,6695.8,6581.2,6685.0,39569,63153,0.0,中证1000股指期货,股指期货,CFFEX,IM0
2022-11-22,6674.0,6686.8,6514.4,6557.2,51946,65524,0.0,中证1000股指期货,股指期货,CFFEX,IM0
2022-11-23,6563.0,6584.0,6422.2,6553.4,49857,62214,0.0,中证1000股指期货,股指期货,CFFEX,IM0
2022-11-24,6570.0,6595.6,6520.4,6559.2,38327,59758,0.0,中证1000股指期货,股指期货,CFFEX,IM0
2022-11-25,6545.2,6553.8,6485.8,6497.0,35966,59535,0.0,中证1000股指期货,股指期货,CFFEX,IM0
2022-11-28,6424.2,6500.6,6371.4,6492.0,42689,59330,0.0,中证1000股指期货,股指期货,CFFEX,IM0
2022-11-29,6502.0,6632.8,6501.0,6597.0,41900,58558,0.0,中证1000股指期货,股指期货,CFFEX,IM0
2022-11-30,6600.2,6623.0,6555.4,6582.8,31915,56213,0.0,中证1000股指期货,股指期货,CFFEX,IM0
2022-12-01,6656.0,6713.8,6637.8,6662.0,34834,55105,0.0,中证1000股指期货,股指期货,CFFEX,IM0
2022-12-02,6662.2,6747.0,6651.2,6681.8,30017,53280,0.0,中证1000股指期货,股指期货,CFFEX,IM0
2022-12-05,6729.0,6736.0,6673.0,6703.0,34433,53712,0.0,中证1000股指期货,股指期货,CFFEX,IM0
2022-12-06,6690.2,6747.0,6657.0,6697.8,35502,53057,0.0,中证1000股指期货,股指期货,CFFEX,IM0
2022-12-07,6689.8,6739.0,6671.6,6695.2,31060,50646,0.0,中证1000股指期货,股指期货,CFFEX,IM0
2022-12-08,6701.4,6701.4,6633.8,6663.8,29056,46919,0.0,中证1000股指期货,股指期货,CFFEX,IM0
2022-12-09,6666.0,6699.6,6613.2,6684.8,34377,48640,0.0,中证1000股指期货,股指期货,CFFEX,IM0
2022-12-12,6678.0,6691.6,6614.0,6654.6,36779,40334,0.0,中证1000股指期货,股指期货,CFFEX,IM0
2022-12-13,6659.8,6659.8,6590.6,6604.8,27158,36462,0.0,中证1000股指期货,股指期货,CFFEX,IM0
2022-12-14,6615.0,6638.4,6551.4,6573.6,30053,27501,0.0,中证1000股指期货,股指期货,CFFEX,IM0
2022-12-15,6564.8,6618.4,6547.6,6600.6,23979,15696,0.0,中证1000股指期货,股指期货,CFFEX,IM0
2022-12-16,6581.0,6597.8,6509.8,6515.0,14369,6155,0.0,中证1000股指期货,股指期货,CFFEX,IM0
2022-12-19,6524.0,6553.6,6377.2,6417.0,31461,44445,0.0,中证1000股指期货,股指期货,CFFEX,IM0
2022-12-20,6403.0,6418.6,6337.6,6350.4,31960,47112,0.0,中证1000股指期货,股指期货,CFFEX,IM0
2022-12-21,6356.0,6369.8,6248.8,6302.2,30254,46197,0.0,中证1000股指期货,股指期货,CFFEX,IM0
2022-12-22,6327.8,6333.6,6171.2,6206.0,32221,50546,0.0,中证1000股指期货,股指期货,CFFEX,IM0
2022-12-23,6182.0,6232.2,6130.4,6165.2,34624,49302,0.0,中证1000股指期货,股指期货,CFFEX,IM0
2022-12-26,6172.2,6305.4,6170.2,6285.2,33311,49953,0.0,中证1000股指期货,股指期货,CFFEX,IM0
2022-12-27,6305.0,6339.0,6265.4,6336.2,26878,46652,0.0,中证1000股指期货,股指期货,CFFEX,IM0
2022-12-28,6310.0,6318.4,6263.8,6293.4,22558,45214,0.0,中证1000股指期货,股指期货,CFFEX,IM0
2022-12-29,6279.8,6334.8,6260.8,6269.2,27458,46782,0.0,中证1000股指期货,股指期货,CFFEX,IM0
2022-12-30,6290.2,6304.0,6261.0,6285.8,21902,44071,0.0,中证1000股指期货,股指期货,CFFEX,IM0
2023-01-03,6280.0,6442.8,6276.0,6420.0,29613,46448,0.0,中证1000股指期货,股指期货,CFFEX,IM0
2023-01-04,6420.0,6439.0,6375.0,6414.4,22569,42870,0.0,中证1000股指期货,股指期货,CFFEX,IM0
2023-01-05,6433.8,6494.0,6408.2,6490.4,24379,42369,0.0,中证1000股指期货,股指期货,CFFEX,IM0
2023-01-06,6487.2,6543.6,6478.2,6505.2,23789,42744,0.0,中证1000股指期货,股指期货,CFFEX,IM0
2023-01-09,6518.2,6571.0,6513.0,6518.2,21905,41037,0.0,中证1000股指期货,股指期货,CFFEX,IM0
2023-01-10,6527.0,6546.6,6490.2,6532.2,17855,38530,0.0,中证1000股指期货,股指期货,CFFEX,IM0
2023-01-11,6539.0,6562.4,6481.0,6494.4,22001,38986,0.0,中证1000股指期货,股指期货,CFFEX,IM0
2023-01-12,6500.0,6541.6,6473.8,6492.0,24588,36807,0.0,中证1000股指期货,股指期货,CFFEX,IM0
2023-01-13,6509.8,6551.8,6481.2,6542.4,24189,33813,0.0,中证1000股指期货,股指期货,CFFEX,IM0
2023-01-16,6540.0,6658.8,6539.8,6597.4,31794,31869,0.0,中证1000股指期货,股指期货,CFFEX,IM0
2023-01-17,6606.0,6646.6,6592.6,6608.2,19735,26573,0.0,中证1000股指期货,股指期货,CFFEX,IM0
2023-01-18,6620.8,6653.8,6611.4,6621.2,18132,20699,0.0,中证1000股指期货,股指期货,CFFEX,IM0
2023-01-19,6607.8,6692.8,6587.4,6687.4,16681,13167,0.0,中证1000股指期货,股指期货,CFFEX,IM0
2023-01-20,6736.2,6777.6,6717.4,6777.6,23193,37954,0.0,中证1000股指期货,股指期货,CFFEX,IM0
2023-01-30,6881.2,6888.0,6791.0,6792.8,27391,40518,0.0,中证1000股指期货,股指期货,CFFEX,IM0
2023-01-31,6796.2,6848.0,6775.6,6818.0,23191,39733,0.0,中证1000股指期货,股指期货,CFFEX,IM0
2023-02-01,6831.0,6923.0,6822.2,6922.6,26743,41219,0.0,中证1000股指期货,股指期货,CFFEX,IM0
2023-02-02,6932.6,6983.4,6911.8,6928.0,28541,39990,0.0,中证1000股指期货,股指期货,CFFEX,IM0
2023-02-03,6910.0,6933.0,6825.0,6920.0,34786,41115,0.0,中证1000股指期货,股指期货,CFFEX,IM0
2023-02-06,6892.2,6924.6,6840.2,6893.6,30107,39194,0.0,中证1000股指期货,股指期货,CFFEX,IM0
2023-02-07,6907.4,6916.0,6840.8,6912.8,31160,40065,0.0,中证1000股指期货,股指期货,CFFEX,IM0
2023-02-08,6905.8,6926.0,6853.0,6865.8,26376,37234,0.0,中证1000股指期货,股指期货,CFFEX,IM0
2023-02-09,6841.0,7023.0,6838.4,7020.8,35972,41161,0.0,中证1000股指期货,股指期货,CFFEX,IM0
2023-02-10,7009.8,7023.8,6911.0,6977.6,34437,37468,0.0,中证1000股指期货,股指期货,CFFEX,IM0
2023-02-13,6968.4,7045.0,6960.2,7039.6,26143,33371,0.0,中证1000股指期货,股指期货,CFFEX,IM0
2023-02-14,7050.6,7065.0,7016.0,7055.6,19802,28634,0.0,中证1000股指期货,股指期货,CFFEX,IM0
2023-02-15,7051.4,7071.8,7025.6,7049.8,20524,23486,0.0,中证1000股指期货,股指期货,CFFEX,IM0
2023-02-16,7039.8,7077.8,6864.2,6909.2,49836,75848,0.0,中证1000股指期货,股指期货,CFFEX,IM0
2023-02-17,6928.0,6940.6,6842.0,6849.8,47096,79401,0.0,中证1000股指期货,股指期货,CFFEX,IM0
2023-02-20,6871.0,6928.8,6796.0,6922.0,45771,74754,0.0,中证1000股指期货,股指期货,CFFEX,IM0
2023-02-21,6925.4,6988.4,6890.0,6935.2,37792,73671,0.0,中证1000股指期货,股指期货,CFFEX,IM0
2023-02-22,6916.0,6989.8,6910.8,6968.0,32043,71937,0.0,中证1000股指期货,股指期货,CFFEX,IM0
2023-02-23,6968.0,6987.2,6883.8,6944.8,34847,72185,0.0,中证1000股指期货,股指期货,CFFEX,IM0
2023-02-24,6947.0,6966.4,6872.6,6928.6,31201,69442,0.0,中证1000股指期货,股指期货,CFFEX,IM0
2023-02-27,6903.2,6922.6,6830.8,6879.2,34001,70262,0.0,中证1000股指期货,股指期货,CFFEX,IM0
2023-02-28,6899.0,6954.0,6847.6,6937.4,35963,69823,0.0,中证1000股指期货,股指期货,CFFEX,IM0
2023-03-01,6927.4,6984.2,6912.4,6980.6,35047,66106,0.0,中证1000股指期货,股指期货,CFFEX,IM0
2023-03-02,6978.0,7013.6,6941.6,6961.6,30230,64064,0.0,中证1000股指期货,股指期货,CFFEX,IM0
2023-03-03,6955.2,6992.8,6899.4,6942.0,33740,64259,0.0,中证1000股指期货,股指期货,CFFEX,IM0
2023-03-06,6949.0,6990.8,6902.2,6956.4,31889,62252,0.0,中证1000股指期货,股指期货,CFFEX,IM0
2023-03-07,6950.8,6963.4,6844.8,6846.8,43995,67075,0.0,中证1000股指期货,股指期货,CFFEX,IM0
2023-03-08,6828.0,6889.6,6821.8,6871.0,31970,61834,0.0,中证1000股指期货,股指期货,CFFEX,IM0
2023-03-09,6876.0,6888.2,6833.0,6878.6,32424,61128,0.0,中证1000股指期货,股指期货,CFFEX,IM0
2023-03-10,6840.8,6863.8,6787.6,6798.4,38784,59243,0.0,中证1000股指期货,股指期货,CFFEX,IM0
2023-03-13,6792.0,6838.0,6744.4,6832.6,37275,53070,0.0,中证1000股指期货,股指期货,CFFEX,IM0
2023-03-14,6820.6,6830.6,6696.4,6775.8,43522,47626,0.0,中证1000股指期货,股指期货,CFFEX,IM0
2023-03-15,6800.0,6854.8,6786.8,6807.2,37688,32853,0.0,中证1000股指期货,股指期货,CFFEX,IM0
2023-03-16,6777.0,6791.8,6685.4,6706.0,31718,21210,0.0,中证1000股指期货,股指期货,CFFEX,IM0
2023-03-17,6742.4,6791.2,6726.2,6748.4,17456,7773,0.0,中证1000股指期货,股指期货,CFFEX,IM0
2023-03-20,6755.0,6762.4,6687.0,6719.8,31841,49582,0.0,中证1000股指期货,股指期货,CFFEX,IM0
2023-03-21,6740.0,6807.8,6731.0,6791.4,30156,47082,0.0,中证1000股指期货,股指期货,CFFEX,IM0
2023-03-22,6811.0,6841.8,6800.6,6825.6,22846,44365,0.0,中证1000股指期货,股指期货,CFFEX,IM0
2023-03-23,6816.0,6852.6,6808.8,6850.4,23663,45485,0.0,中证1000股指期货,股指期货,CFFEX,IM0
2023-03-24,6854.8,6870.0,6830.0,6857.0,21217,43286,0.0,中证1000股指期货,股指期货,CFFEX,IM0
2023-03-27,6857.0,6884.8,6815.8,6860.0,27156,44995,0.0,中证1000股指期货,股指期货,CFFEX,IM0
2023-03-28,6849.0,6861.8,6809.0,6827.4,26878,44055,0.0,中证1000股指期货,股指期货,CFFEX,IM0
2023-03-29,6849.0,6850.0,6786.8,6806.0,25258,44161,0.0,中证1000股指期货,股指期货,CFFEX,IM0
2023-03-30,6805.0,6821.6,6757.6,6821.6,30540,47259,0.0,中证1000股指期货,股指期货,CFFEX,IM0
2023-03-31,6824.2,6875.0,6813.2,6873.8,25374,43321,0.0,中证1000股指期货,股指期货,CFFEX,IM0
2023-04-03,6885.0,6959.8,6880.0,6940.0,27944,44490,0.0,中证1000股指期货,股指期货,CFFEX,IM0
2023-04-04,6946.4,6954.8,6907.6,6950.2,24433,41324,0.0,中证1000股指期货,股指期货,CFFEX,IM0
2023-04-06,6920.0,6967.0,6918.0,6959.4,23912,40626,0.0,中证1000股指期货,股指期货,CFFEX,IM0
2023-04-07,6973.0,7033.8,6961.4,7026.2,24909,38856,0.0,中证1000股指期货,股指期货,CFFEX,IM0
2023-04-10,7038.0,7047.6,6953.2,6971.0,28753,41153,0.0,中证1000股指期货,股指期货,CFFEX,IM0
2023-04-11,6981.4,6990.8,6946.0,6972.4,24815,38736,0.0,中证1000股指期货,股指期货,CFFEX,IM0
2023-04-12,6979.0,7012.0,6970.2,7002.2,23347,36965,0.0,中证1000股指期货,股指期货,CFFEX,IM0
2023-04-13,6995.0,7011.2,6959.0,6967.0,28815,38799,0.0,中证1000股指期货,股指期货,CFFEX,IM0
2023-04-14,6978.2,7015.8,6951.0,7004.2,31369,37197,0.0,中证1000股指期货,股指期货,CFFEX,IM0
2023-04-17,6999.6,7021.8,6985.0,7009.6,27294,32914,0.0,中证1000股指期货,股指期货,CFFEX,IM0
2023-04-18,6995.0,7006.2,6955.4,6980.2,28580,29928,0.0,中证1000股指期货,股指期货,CFFEX,IM0
2023-04-19,6973.6,7002.2,6945.8,6955.2,23503,22714,0.0,中证1000股指期货,股指期货,CFFEX,IM0
2023-04-20,6949.8,6963.0,6915.6,6955.8,20732,14165,0.0,中证1000股指期货,股指期货,CFFEX,IM0
2023-04-21,6950.0,6958.4,6808.2,6813.4,13464,4950,0.0,中证1000股指期货,股指期货,CFFEX,IM0
2023-04-24,6772.8,6775.4,6690.2,6722.2,33322,45278,0.0,中证1000股指期货,股指期货,CFFEX,IM0
2023-04-25,6705.0,6716.2,6523.4,6612.0,43556,55371,0.0,中证1000股指期货,股指期货,CFFEX,IM0
2023-04-26,6596.6,6665.0,6589.8,6629.0,38586,51289,0.0,中证1000股指期货,股指期货,CFFEX,IM0
2023-04-27,6601.2,6689.2,6601.2,6647.6,35246,53182,0.0,中证1000股指期货,股指期货,CFFEX,IM0
2023-04-28,6650.0,6743.0,6647.6,6738.4,30060,48065,0.0,中证1000股指期货,股指期货,CFFEX,IM0
2023-05-04,6723.0,6747.2,6689.0,6725.2,20870,45667,0.0,中证1000股指期货,股指期货,CFFEX,IM0
2023-05-05,6722.6,6724.6,6607.8,6650.0,30332,47530,0.0,中证1000股指期货,股指期货,CFFEX,IM0
2023-05-08,6660.0,6720.6,6657.0,6687.8,27149,44055,0.0,中证1000股指期货,股指期货,CFFEX,IM0
2023-05-09,6687.8,6703.2,6611.6,6613.6,31285,46862,0.0,中证1000股指期货,股指期货,CFFEX,IM0
2023-05-10,6613.8,6658.0,6580.8,6624.4,32100,45489,0.0,中证1000股指期货,股指期货,CFFEX,IM0
2023-05-11,6631.4,6655.0,6612.0,6615.6,21391,41262,0.0,中证1000股指期货,股指期货,CFFEX,IM0
2023-05-12,6604.6,6639.8,6528.8,6538.6,29289,42155,0.0,中证1000股指期货,股指期货,CFFEX,IM0
2023-05-15,6542.2,6586.0,6469.2,6577.2,33402,36453,0.0,中证1000股指期货,股指期货,CFFEX,IM0
2023-05-16,6587.0,6587.0,6497.0,6519.2,27729,31028,0.0,中证1000股指期货,股指期货,CFFEX,IM0
2023-05-17,6505.0,6566.0,6505.0,6544.8,25640,24501,0.0,中证1000股指期货,股指期货,CFFEX,IM0
2023-05-18,6565.0,6592.6,6548.2,6578.6,20494,15111,0.0,中证1000股指期货,股指期货,CFFEX,IM0
2023-05-19,6546.0,6608.2,6516.0,6590.6,40367,94122,0.0,中证1000股指期货,股指期货,CFFEX,IM0
2023-05-22,6585.2,6599.6,6531.8,6578.2,34161,89487,0.0,中证1000股指期货,股指期货,CFFEX,IM0
2023-05-23,6580.0,6593.4,6511.2,6513.0,35048,91477,0.0,中证1000股指期货,股指期货,CFFEX,IM0
2023-05-24,6503.0,6556.8,6467.0,6497.0,39161,90114,0.0,中证1000股指期货,股指期货,CFFEX,IM0
2023-05-25,6495.0,6539.8,6403.4,6476.8,43785,93782,0.0,中证1000股指期货,股指期货,CFFEX,IM0
2023-05-26,6470.0,6552.8,6431.0,6535.8,39756,87621,0.0,中证1000股指期货,股指期货,CFFEX,IM0
2023-05-29,6553.0,6578.0,6494.6,6525.4,31583,86931,0.0,中证1000股指期货,股指期货,CFFEX,IM0
2023-05-30,6520.0,6567.6,6454.2,6558.0,40319,88984,0.0,中证1000股指期货,股指期货,CFFEX,IM0
2023-05-31,6550.0,6573.6,6505.0,6547.0,34785,85351,0.0,中证1000股指期货,股指期货,CFFEX,IM0
2023-06-01,6530.0,6609.2,6510.4,6567.6,35493,86226,0.0,中证1000股指期货,股指期货,CFFEX,IM0
2023-06-02,6588.8,6635.0,6580.8,6612.4,31483,81837,0.0,中证1000股指期货,股指期货,CFFEX,IM0
2023-06-05,6620.4,6631.8,6595.6,6611.8,24732,79250,0.0,中证1000股指期货,股指期货,CFFEX,IM0
2023-06-06,6606.0,6606.0,6451.0,6467.8,43241,79589,0.0,中证1000股指期货,股指期货,CFFEX,IM0
2023-06-07,6479.8,6512.0,6456.6,6470.8,31666,72035,0.0,中证1000股指期货,股指期货,CFFEX,IM0
2023-06-08,6470.6,6471.0,6389.6,6438.4,39186,74478,0.0,中证1000股指期货,股指期货,CFFEX,IM0
2023-06-09,6449.8,6494.0,6418.0,6484.0,36363,67406,0.0,中证1000股指期货,股指期货,CFFEX,IM0
2023-06-12,6480.0,6540.8,6472.2,6513.2,37962,61749,0.0,中证1000股指期货,股指期货,CFFEX,IM0
2023-06-13,6503.0,6552.8,6503.0,6540.0,30729,49924,0.0,中证1000股指期货,股指期货,CFFEX,IM0
2023-06-14,6545.4,6581.6,6535.2,6566.6,35752,39532,0.0,中证1000股指期货,股指期货,CFFEX,IM0
2023-06-15,6579.6,6624.4,6560.2,6607.2,30058,22764,0.0,中证1000股指期货,股指期货,CFFEX,IM0
2023-06-16,6607.6,6671.8,6602.2,6665.4,16039,9968,0.0,中证1000股指期货,股指期货,CFFEX,IM0
2023-06-19,6639.0,6665.6,6635.0,6647.8,24948,53244,0.0,中证1000股指期货,股指期货,CFFEX,IM0
2023-06-20,6638.8,6679.0,6633.4,6652.2,23929,53015,0.0,中证1000股指期货,股指期货,CFFEX,IM0
2023-06-21,6637.6,6645.0,6524.8,6525.2,39072,59666,0.0,中证1000股指期货,股指期货,CFFEX,IM0
2023-06-26,6499.0,6519.2,6402.0,6427.2,44330,65924,0.0,中证1000股指期货,股指期货,CFFEX,IM0
2023-06-27,6434.0,6504.8,6422.8,6478.4,34201,61890,0.0,中证1000股指期货,股指期货,CFFEX,IM0
2023-06-28,6478.4,6478.4,6360.0,6463.0,44033,66545,0.0,中证1000股指期货,股指期货,CFFEX,IM0
2023-06-29,6453.0,6510.2,6447.0,6491.8,30886,59435,0.0,中证1000股指期货,股指期货,CFFEX,IM0
2023-06-30,6481.8,6596.0,6481.8,6575.0,30629,58677,0.0,中证1000股指期货,股指期货,CFFEX,IM0
2023-07-03,6599.0,6626.0,6556.8,6583.6,28321,55416,0.0,中证1000股指期货,股指期货,CFFEX,IM0
2023-07-04,6581.6,6614.0,6580.0,6613.4,19966,53072,0.0,中证1000股指期货,股指期货,CFFEX,IM0
2023-07-05,6609.6,6616.0,6552.8,6566.2,25538,54070,0.0,中证1000股指期货,股指期货,CFFEX,IM0
2023-07-06,6557.0,6606.8,6532.0,6535.6,28834,53982,0.0,中证1000股指期货,股指期货,CFFEX,IM0
2023-07-07,6531.6,6538.8,6468.2,6513.0,34158,57063,0.0,中证1000股指期货,股指期货,CFFEX,IM0
2023-07-10,6538.0,6551.8,6489.2,6520.4,25605,52112,0.0,中证1000股指期货,股指期货,CFFEX,IM0
2023-07-11,6528.2,6580.0,6508.4,6571.0,26892,52706,0.0,中证1000股指期货,股指期货,CFFEX,IM0
2023-07-12,6574.4,6578.0,6477.8,6483.8,30497,53020,0.0,中证1000股指期货,股指期货,CFFEX,IM0
2023-07-13,6501.2,6561.2,6501.2,6549.6,33558,53198,0.0,中证1000股指期货,股指期货,CFFEX,IM0
2023-07-14,6562.0,6571.6,6539.0,6541.0,23532,46673,0.0,中证1000股指期货,股指期货,CFFEX,IM0
2023-07-17,6521.2,6529.8,6474.0,6514.8,27095,44688,0.0,中证1000股指期货,股指期货,CFFEX,IM0
2023-07-18,6519.0,6538.2,6482.2,6515.0,28836,38688,0.0,中证1000股指期货,股指期货,CFFEX,IM0
2023-07-19,6510.2,6532.6,6464.0,6501.0,27906,29637,0.0,中证1000股指期货,股指期货,CFFEX,IM0
2023-07-20,6539.4,6539.4,6409.0,6416.2,28236,21117,0.0,中证1000股指期货,股指期货,CFFEX,IM0
2023-07-21,6402.4,6454.2,6383.0,6407.0,37502,56714,0.0,中证1000股指期货,股指期货,CFFEX,IM0
2023-07-24,6394.0,6445.4,6377.8,6393.6,24661,54618,0.0,中证1000股指期货,股指期货,CFFEX,IM0
2023-07-25,6477.0,6513.0,6455.0,6497.6,33597,56956,0.0,中证1000股指期货,股指期货,CFFEX,IM0
2023-07-26,6494.8,6495.8,6446.8,6468.4,23883,54432,0.0,中证1000股指期货,股指期货,CFFEX,IM0
2023-07-27,6470.2,6489.0,6403.6,6421.0,25942,56731,0.0,中证1000股指期货,股指期货,CFFEX,IM0
2023-07-28,6397.6,6491.2,6380.0,6473.6,36381,59569,0.0,中证1000股指期货,股指期货,CFFEX,IM0
2023-07-31,6495.0,6576.0,6486.6,6524.6,36386,59432,0.0,中证1000股指期货,股指期货,CFFEX,IM0
2023-08-01,6518.6,6539.6,6497.2,6509.0,25933,56027,0.0,中证1000股指期货,股指期货,CFFEX,IM0
2023-08-02,6501.6,6522.8,6470.0,6495.8,27477,55525,0.0,中证1000股指期货,股指期货,CFFEX,IM0
2023-08-03,6476.4,6500.0,6457.4,6495.6,26270,53865,0.0,中证1000股指期货,股指期货,CFFEX,IM0
2023-08-04,6520.6,6576.0,6503.8,6534.6,36472,57118,0.0,中证1000股指期货,股指期货,CFFEX,IM0
2023-08-07,6525.2,6549.0,6501.0,6515.6,25260,52722,0.0,中证1000股指期货,股指期货,CFFEX,IM0
2023-08-08,6502.4,6514.2,6456.2,6484.8,28508,53525,0.0,中证1000股指期货,股指期货,CFFEX,IM0
2023-08-09,6457.0,6480.0,6423.4,6433.2,24391,50170,0.0,中证1000股指期货,股指期货,CFFEX,IM0
2023-08-10,6423.0,6453.8,6397.4,6424.6,25321,50230,0.0,中证1000股指期货,股指期货,CFFEX,IM0
2023-08-11,6431.8,6435.8,6301.6,6304.0,32185,50054,0.0,中证1000股指期货,股指期货,CFFEX,IM0
2023-08-14,6246.0,6329.8,6212.8,6323.2,36541,47593,0.0,中证1000股指期货,股指期货,CFFEX,IM0
2023-08-15,6336.0,6336.4,6204.8,6268.2,35306,40790,0.0,中证1000股指期货,股指期货,CFFEX,IM0
2023-08-16,6245.0,6263.4,6188.6,6188.6,28738,31415,0.0,中证1000股指期货,股指期货,CFFEX,IM0
2023-08-17,6181.0,6273.0,6130.8,6243.8,28075,20815,0.0,中证1000股指期货,股指期货,CFFEX,IM0
2023-08-18,6259.0,6280.6,6123.2,6127.4,51556,114590,0.0,中证1000股指期货,股指期货,CFFEX,IM0
2023-08-21,6119.4,6169.6,5910.4,6053.8,49495,115780,0.0,中证1000股指期货,股指期货,CFFEX,IM0
2023-08-22,6093.8,6108.8,5973.0,6084.0,56411,117360,0.0,中证1000股指期货,股指期货,CFFEX,IM0
2023-08-23,6071.2,6075.0,5955.6,5974.8,46053,114016,0.0,中证1000股指期货,股指期货,CFFEX,IM0
2023-08-24,6003.2,6051.6,5948.0,5977.6,48013,114480,0.0,中证1000股指期货,股指期货,CFFEX,IM0
2023-08-25,5950.0,5986.2,5851.0,5881.8,60560,118272,0.0,中证1000股指期货,股指期货,CFFEX,IM0
2023-08-28,6230.0,6230.0,5888.2,5907.6,74218,114864,0.0,中证1000股指期货,股指期货,CFFEX,IM0
2023-08-29,5908.0,6143.8,5904.8,6099.2,76913,116174,0.0,中证1000股指期货,股指期货,CFFEX,IM0
2023-08-30,6121.0,6203.6,6103.0,6128.2,59262,108927,0.0,中证1000股指期货,股指期货,CFFEX,IM0
2023-08-31,6124.4,6138.8,6081.6,6110.6,44355,105451,0.0,中证1000股指期货,股指期货,CFFEX,IM0
2023-09-01,6123.4,6148.8,6081.8,6103.0,37772,101705,0.0,中证1000股指期货,股指期货,CFFEX,IM0
2023-09-04,6130.0,6198.0,6100.2,6198.0,49221,102622,0.0,中证1000股指期货,股指期货,CFFEX,IM0
2023-09-05,6190.0,6208.8,6143.0,6162.2,37506,93238,0.0,中证1000股指期货,股指期货,CFFEX,IM0
2023-09-06,6145.0,6207.0,6096.4,6178.8,40919,93733,0.0,中证1000股指期货,股指期货,CFFEX,IM0
2023-09-07,6160.0,6170.8,6068.0,6077.2,49425,90160,0.0,中证1000股指期货,股指期货,CFFEX,IM0
2023-09-08,6050.4,6111.0,6050.4,6075.4,41430,82315,0.0,中证1000股指期货,股指期货,CFFEX,IM0
2023-09-11,6093.0,6198.2,6058.0,6165.0,53983,78322,0.0,中证1000股指期货,股指期货,CFFEX,IM0
2023-09-12,6165.0,6197.4,6153.4,6172.2,38208,61161,0.0,中证1000股指期货,股指期货,CFFEX,IM0
2023-09-13,6158.0,6165.4,6041.4,6094.0,50989,48936,0.0,中证1000股指期货,股指期货,CFFEX,IM0
2023-09-14,6093.0,6093.6,6031.2,6077.2,38289,25838,0.0,中证1000股指期货,股指期货,CFFEX,IM0
2023-09-15,6088.0,6122.4,6047.2,6066.6,20135,12118,0.0,中证1000股指期货,股指期货,CFFEX,IM0
2023-09-18,6040.0,6107.0,6019.2,6083.6,45674,72555,0.0,中证1000股指期货,股指期货,CFFEX,IM0
2023-09-19,6078.2,6079.6,6010.0,6039.2,37431,72024,0.0,中证1000股指期货,股指期货,CFFEX,IM0
2023-09-20,6020.0,6043.8,5985.0,5987.2,29923,71440,0.0,中证1000股指期货,股指期货,CFFEX,IM0
2023-09-21,5970.0,6006.2,5928.4,5941.8,38129,75442,0.0,中证1000股指期货,股指期货,CFFEX,IM0
2023-09-22,5941.6,6068.0,5925.2,6065.0,52998,76350,0.0,中证1000股指期货,股指期货,CFFEX,IM0
2023-09-25,6055.2,6070.0,6009.8,6031.4,34272,68659,0.0,中证1000股指期货,股指期货,CFFEX,IM0
2023-09-26,6021.6,6038.2,6000.8,6007.2,27754,67998,0.0,中证1000股指期货,股指期货,CFFEX,IM0
2023-09-27,6005.0,6080.0,5997.8,6050.2,38721,70607,0.0,中证1000股指期货,股指期货,CFFEX,IM0
2023-09-28,6063.4,6078.4,6045.0,6075.0,31072,66737,0.0,中证1000股指期货,股指期货,CFFEX,IM0
2023-10-09,6075.0,6079.6,6017.0,6055.0,36957,68420,0.0,中证1000股指期货,股指期货,CFFEX,IM0
2023-10-10,6074.2,6094.8,6028.4,6033.8,29619,63047,0.0,中证1000股指期货,股指期货,CFFEX,IM0
2023-10-11,6059.8,6114.4,6026.0,6040.4,39897,64663,0.0,中证1000股指期货,股指期货,CFFEX,IM0
2023-10-12,6078.0,6096.8,6052.0,6093.0,33395,58148,0.0,中证1000股指期货,股指期货,CFFEX,IM0
2023-10-13,6069.0,6085.6,6058.4,6084.2,24927,55661,0.0,中证1000股指期货,股指期货,CFFEX,IM0
2023-10-16,6090.2,6092.0,5995.0,6013.4,36887,55778,0.0,中证1000股指期货,股指期货,CFFEX,IM0
2023-10-17,6020.2,6024.4,5961.0,6006.6,35111,46652,0.0,中证1000股指期货,股指期货,CFFEX,IM0
2023-10-18,5990.0,5990.0,5894.0,5904.6,37469,36893,0.0,中证1000股指期货,股指期货,CFFEX,IM0
2023-10-19,5884.2,5926.8,5837.6,5845.2,33707,22835,0.0,中证1000股指期货,股指期货,CFFEX,IM0
2023-10-20,5820.0,5848.4,5741.8,5766.2,45404,64725,0.0,中证1000股指期货,股指期货,CFFEX,IM0
2023-10-23,5751.4,5751.4,5571.2,5602.0,48848,67632,0.0,中证1000股指期货,股指期货,CFFEX,IM0
2023-10-24,5622.6,5725.0,5588.8,5675.2,52659,68042,0.0,中证1000股指期货,股指期货,CFFEX,IM0
2023-10-25,5725.0,5792.8,5725.0,5739.6,35641,61564,0.0,中证1000股指期货,股指期货,CFFEX,IM0
2023-10-26,5720.4,5804.2,5702.0,5780.8,42229,64865,0.0,中证1000股指期货,股指期货,CFFEX,IM0
2023-10-27,5762.2,5927.4,5748.2,5907.0,50082,61876,0.0,中证1000股指期货,股指期货,CFFEX,IM0
2023-10-30,5902.0,6003.0,5896.8,5975.0,38967,60803,0.0,中证1000股指期货,股指期货,CFFEX,IM0
2023-10-31,5975.0,5989.6,5914.2,5945.0,35985,59087,0.0,中证1000股指期货,股指期货,CFFEX,IM0
2023-11-01,5950.0,5965.0,5912.8,5936.2,31788,56954,0.0,中证1000股指期货,股指期货,CFFEX,IM0
2023-11-02,5945.6,5969.6,5873.2,5877.4,32331,58022,0.0,中证1000股指期货,股指期货,CFFEX,IM0
2023-11-03,5888.0,5995.4,5888.0,5958.0,44539,60138,0.0,中证1000股指期货,股指期货,CFFEX,IM0
2023-11-06,6000.2,6099.8,6000.0,6085.8,39128,56259,0.0,中证1000股指期货,股指期货,CFFEX,IM0
2023-11-07,6085.6,6128.0,6057.6,6098.0,32102,54924,0.0,中证1000股指期货,股指期货,CFFEX,IM0
2023-11-08,6097.0,6138.8,6072.4,6110.6,38629,55049,0.0,中证1000股指期货,股指期货,CFFEX,IM0
2023-11-09,6102.0,6146.6,6055.8,6072.2,38845,53937,0.0,中证1000股指期货,股指期货,CFFEX,IM0
2023-11-10,6050.4,6079.4,6025.2,6066.0,35815,48280,0.0,中证1000股指期货,股指期货,CFFEX,IM0
2023-11-13,6088.4,6125.0,6062.4,6124.0,35749,44284,0.0,中证1000股指期货,股指期货,CFFEX,IM0
2023-11-14,6124.0,6179.2,6111.4,6165.4,37346,39007,0.0,中证1000股指期货,股指期货,CFFEX,IM0
2023-11-15,6210.0,6228.4,6171.0,6199.2,30794,28855,0.0,中证1000股指期货,股指期货,CFFEX,IM0
2023-11-16,6135.0,6145.8,6082.8,6088.8,43848,122178,0.0,中证1000股指期货,股指期货,CFFEX,IM0
2023-11-17,6079.8,6155.0,6071.8,6153.2,48384,130747,0.0,中证1000股指期货,股指期货,CFFEX,IM0
2023-11-20,6165.4,6218.0,6115.8,6213.8,51325,130489,0.0,中证1000股指期货,股指期货,CFFEX,IM0
2023-11-21,6225.0,6237.0,6151.2,6161.8,47498,126866,0.0,中证1000股指期货,股指期货,CFFEX,IM0
2023-11-22,6145.0,6195.0,6090.4,6093.0,46938,128145,0.0,中证1000股指期货,股指期货,CFFEX,IM0
2023-11-23,6090.2,6179.8,6067.2,6176.6,56528,126506,0.0,中证1000股指期货,股指期货,CFFEX,IM0
2023-11-24,6163.0,6165.6,6059.2,6081.0,51088,123812,0.0,中证1000股指期货,股指期货,CFFEX,IM0
2023-11-27,6074.2,6103.2,6034.4,6081.2,48025,121213,0.0,中证1000股指期货,股指期货,CFFEX,IM0
2023-11-28,6070.6,6114.2,6016.8,6097.2,49335,120191,0.0,中证1000股指期货,股指期货,CFFEX,IM0
2023-11-29,6093.8,6109.6,6053.0,6074.6,38673,114482,0.0,中证1000股指期货,股指期货,CFFEX,IM0
2023-11-30,6065.0,6074.8,5988.2,6036.0,51825,118665,0.0,中证1000股指期货,股指期货,CFFEX,IM0
2023-12-01,6036.0,6110.8,6010.6,6092.2,55283,114392,0.0,中证1000股指期货,股指期货,CFFEX,IM0
2023-12-04,6100.0,6109.8,6057.4,6058.6,44645,108833,0.0,中证1000股指期货,股指期货,CFFEX,IM0
2023-12-05,6050.2,6050.2,5945.2,5958.2,50053,105484,0.0,中证1000股指期货,股指期货,CFFEX,IM0
2023-12-06,5938.0,6047.0,5930.6,5997.8,52974,102545,0.0,中证1000股指期货,股指期货,CFFEX,IM0
2023-12-07,5985.0,6040.0,5946.0,6014.2,59078,96530,0.0,中证1000股指期货,股指期货,CFFEX,IM0
2023-12-08,6025.2,6065.0,5996.0,6000.8,51721,84179,0.0,中证1000股指期货,股指期货,CFFEX,IM0
2023-12-11,5973.0,6096.0,5935.2,6070.6,60774,75330,0.0,中证1000股指期货,股指期货,CFFEX,IM0
2023-12-12,6070.0,6086.0,6048.4,6079.0,45958,55716,0.0,中证1000股指期货,股指期货,CFFEX,IM0
2023-12-13,6062.2,6078.6,6013.4,6022.6,39656,40034,0.0,中证1000股指期货,股指期货,CFFEX,IM0
2023-12-14,6041.2,6082.0,5991.0,6000.0,35203,23013,0.0,中证1000股指期货,股指期货,CFFEX,IM0
2023-12-15,6010.0,6034.8,5952.2,5956.2,20199,9446,0.0,中证1000股指期货,股指期货,CFFEX,IM0
2023-12-18,5891.0,5906.4,5807.4,5831.6,41552,77772,0.0,中证1000股指期货,股指期货,CFFEX,IM0
2023-12-19,5826.0,5868.0,5800.4,5838.0,42896,80418,0.0,中证1000股指期货,股指期货,CFFEX,IM0
2023-12-20,5846.0,5860.8,5741.0,5745.0,41766,78823,0.0,中证1000股指期货,股指期货,CFFEX,IM0
2023-12-21,5721.6,5799.2,5665.2,5770.2,57907,85262,0.0,中证1000股指期货,股指期货,CFFEX,IM0
2023-12-22,5756.2,5797.6,5697.0,5722.8,56485,83263,0.0,中证1000股指期货,股指期货,CFFEX,IM0
2023-12-25,5725.2,5755.0,5682.4,5717.6,37888,81248,0.0,中证1000股指期货,股指期货,CFFEX,IM0
2023-12-26,5711.4,5711.4,5619.6,5636.6,41911,84435,0.0,中证1000股指期货,股指期货,CFFEX,IM0
2023-12-27,5654.6,5689.6,5616.0,5673.0,44291,85714,0.0,中证1000股指期货,股指期货,CFFEX,IM0
2023-12-28,5659.0,5818.8,5642.6,5803.4,59871,85970,0.0,中证1000股指期货,股指期货,CFFEX,IM0
2023-12-29,5799.0,5903.2,5798.6,5894.8,49489,80879,0.0,中证1000股指期货,股指期货,CFFEX,IM0
2024-01-02,5895.0,5902.0,5832.0,5833.6,34421,77941,0.0,中证1000股指期货,股指期货,CFFEX,IM0
2024-01-03,5818.0,5852.6,5766.0,5809.4,39674,77490,0.0,中证1000股指期货,股指期货,CFFEX,IM0
2024-01-04,5800.0,5802.2,5730.0,5765.2,43701,76857,0.0,中证1000股指期货,股指期货,CFFEX,IM0
2024-01-05,5751.0,5780.0,5645.2,5664.8,49324,78064,0.0,中证1000股指期货,股指期货,CFFEX,IM0
2024-01-08,5649.0,5653.6,5462.6,5480.2,63475,84117,0.0,中证1000股指期货,股指期货,CFFEX,IM0
2024-01-09,5504.8,5584.2,5471.0,5513.4,66881,77072,0.0,中证1000股指期货,股指期货,CFFEX,IM0
2024-01-10,5500.4,5567.4,5412.2,5484.6,60977,75297,0.0,中证1000股指期货,股指期货,CFFEX,IM0
2024-01-11,5485.2,5640.0,5472.4,5595.2,63401,73029,0.0,中证1000股指期货,股指期货,CFFEX,IM0
2024-01-12,5576.4,5637.6,5551.0,5551.0,46706,62619,0.0,中证1000股指期货,股指期货,CFFEX,IM0
2024-01-15,5528.0,5599.8,5498.0,5530.2,51572,61673,0.0,中证1000股指期货,股指期货,CFFEX,IM0
2024-01-16,5525.6,5547.4,5433.2,5513.0,59099,51543,0.0,中证1000股指期货,股指期货,CFFEX,IM0
2024-01-17,5500.2,5505.0,5330.0,5346.4,48961,41346,0.0,中证1000股指期货,股指期货,CFFEX,IM0
2024-01-18,5335.0,5376.0,5177.8,5344.6,51285,27909,0.0,中证1000股指期货,股指期货,CFFEX,IM0
2024-01-19,5248.0,5309.6,5205.2,5217.4,61749,69906,0.0,中证1000股指期货,股指期货,CFFEX,IM0
2024-01-22,5204.8,5220.2,4726.0,4830.4,93331,77889,0.0,中证1000股指期货,股指期货,CFFEX,IM0
2024-01-23,4830.2,5058.0,4773.0,4998.0,101009,78867,0.0,中证1000股指期货,股指期货,CFFEX,IM0
2024-01-24,5055.0,5111.0,4833.0,5090.8,112868,82649,0.0,中证1000股指期货,股指期货,CFFEX,IM0
2024-01-25,5055.4,5307.8,5038.0,5306.6,97699,76703,0.0,中证1000股指期货,股指期货,CFFEX,IM0
2024-01-26,5284.0,5316.8,5196.0,5216.8,74122,71513,0.0,中证1000股指期货,股指期货,CFFEX,IM0
2024-01-29,5248.0,5271.4,5058.0,5063.0,82003,75990,0.0,中证1000股指期货,股指期货,CFFEX,IM0
2024-01-30,5035.2,5099.4,4886.0,4907.2,83571,76370,0.0,中证1000股指期货,股指期货,CFFEX,IM0
2024-01-31,4889.0,4935.4,4706.4,4727.2,109118,81823,0.0,中证1000股指期货,股指期货,CFFEX,IM0
2024-02-01,4701.8,4858.2,4651.0,4699.2,115210,81141,0.0,中证1000股指期货,股指期货,CFFEX,IM0
2024-02-02,4726.2,4788.0,4339.0,4507.2,134558,78971,0.0,中证1000股指期货,股指期货,CFFEX,IM0
2024-02-05,4453.0,4458.6,4081.2,4176.6,161837,81624,0.0,中证1000股指期货,股指期货,CFFEX,IM0
2024-02-06,4146.0,4645.8,4129.0,4609.0,138116,61421,0.0,中证1000股指期货,股指期货,CFFEX,IM0
2024-02-07,4586.0,4841.2,4566.6,4793.0,173017,130284,0.0,中证1000股指期货,股指期货,CFFEX,IM0
2024-02-08,4846.2,5078.0,4846.2,4980.4,173190,135122,0.0,中证1000股指期货,股指期货,CFFEX,IM0
2024-02-19,5070.0,5122.6,4856.2,4954.6,132602,138301,0.0,中证1000股指期货,股指期货,CFFEX,IM0
2024-02-20,4922.2,5030.2,4872.4,4989.0,116169,134213,0.0,中证1000股指期货,股指期货,CFFEX,IM0
2024-02-21,4950.8,5215.0,4940.4,5001.4,152686,140832,0.0,中证1000股指期货,股指期货,CFFEX,IM0
2024-02-22,5031.0,5137.6,5016.2,5122.4,128355,136589,0.0,中证1000股指期货,股指期货,CFFEX,IM0
2024-02-23,5150.0,5218.0,5066.6,5217.0,125499,135418,0.0,中证1000股指期货,股指期货,CFFEX,IM0
2024-02-26,5217.0,5305.2,5163.2,5215.0,127431,135321,0.0,中证1000股指期货,股指期货,CFFEX,IM0
2024-02-27,5188.0,5391.8,5181.2,5386.0,130656,133768,0.0,中证1000股指期货,股指期货,CFFEX,IM0
2024-02-28,5400.0,5464.0,5100.0,5117.6,190365,142224,0.0,中证1000股指期货,股指期货,CFFEX,IM0
2024-02-29,5108.0,5341.2,5107.6,5333.8,166035,131842,0.0,中证1000股指期货,股指期货,CFFEX,IM0
2024-03-01,5335.0,5401.8,5287.6,5392.0,125193,124584,0.0,中证1000股指期货,股指期货,CFFEX,IM0
2024-03-04,5400.0,5418.6,5289.0,5383.4,115382,118322,0.0,中证1000股指期货,股指期货,CFFEX,IM0
2024-03-05,5348.0,5367.8,5281.2,5311.4,109655,114764,0.0,中证1000股指期货,股指期货,CFFEX,IM0
2024-03-06,5300.2,5418.0,5280.6,5345.0,115716,111890,0.0,中证1000股指期货,股指期货,CFFEX,IM0
2024-03-07,5358.2,5418.0,5268.0,5277.0,114576,107331,0.0,中证1000股指期货,股指期货,CFFEX,IM0
2024-03-08,5300.2,5381.0,5255.8,5348.0,103462,99244,0.0,中证1000股指期货,股指期货,CFFEX,IM0
2024-03-11,5330.0,5463.4,5319.8,5463.0,93763,90367,0.0,中证1000股指期货,股指期货,CFFEX,IM0
2024-03-12,5479.4,5526.0,5428.0,5488.2,103387,81801,0.0,中证1000股指期货,股指期货,CFFEX,IM0
2024-03-13,5494.8,5568.0,5465.0,5517.4,80318,60725,0.0,中证1000股指期货,股指期货,CFFEX,IM0
2024-03-14,5510.0,5545.0,5431.0,5487.0,64905,38334,0.0,中证1000股指期货,股指期货,CFFEX,IM0
2024-03-15,5473.6,5514.6,5457.0,5511.0,32350,15878,0.0,中证1000股指期货,股指期货,CFFEX,IM0
2024-03-18,5560.0,5642.8,5507.2,5639.6,81015,99605,0.0,中证1000股指期货,股指期货,CFFEX,IM0
2024-03-19,5620.0,5638.6,5569.2,5581.6,75764,98993,0.0,中证1000股指期货,股指期货,CFFEX,IM0
2024-03-20,5581.0,5650.8,5568.0,5629.0,81466,98770,0.0,中证1000股指期货,股指期货,CFFEX,IM0
2024-03-21,5652.8,5675.4,5595.4,5627.0,75688,96980,0.0,中证1000股指期货,股指期货,CFFEX,IM0
2024-03-22,5611.0,5630.2,5515.0,5558.8,95152,101676,0.0,中证1000股指期货,股指期货,CFFEX,IM0
2024-03-25,5553.4,5575.0,5420.2,5435.4,88462,98817,0.0,中证1000股指期货,股指期货,CFFEX,IM0
2024-03-26,5441.0,5468.8,5365.6,5401.0,98250,103399,0.0,中证1000股指期货,股指期货,CFFEX,IM0
2024-03-27,5390.0,5399.6,5215.6,5216.8,101351,101761,0.0,中证1000股指期货,股指期货,CFFEX,IM0
2024-03-28,5236.2,5411.8,5230.6,5349.6,120426,106816,0.0,中证1000股指期货,股指期货,CFFEX,IM0
2024-03-29,5353.0,5419.0,5301.2,5412.0,92418,96257,0.0,中证1000股指期货,股指期货,CFFEX,IM0
2024-04-01,5443.0,5557.2,5440.0,5541.6,77326,93833,0.0,中证1000股指期货,股指期货,CFFEX,IM0
2024-04-02,5531.0,5543.2,5462.4,5506.6,84121,93587,0.0,中证1000股指期货,股指期货,CFFEX,IM0
2024-04-03,5495.0,5504.2,5421.0,5475.0,77975,89825,0.0,中证1000股指期货,股指期货,CFFEX,IM0
2024-04-08,5460.0,5460.0,5341.6,5348.4,73630,90525,0.0,中证1000股指期货,股指期货,CFFEX,IM0
2024-04-09,5355.0,5438.8,5347.0,5431.6,74898,88348,0.0,中证1000股指期货,股指期货,CFFEX,IM0
2024-04-10,5418.0,5425.0,5285.4,5330.0,88954,92744,0.0,中证1000股指期货,股指期货,CFFEX,IM0
2024-04-11,5300.4,5427.0,5291.2,5353.8,91001,87336,0.0,中证1000股指期货,股指期货,CFFEX,IM0
2024-04-12,5364.4,5395.0,5295.2,5309.0,75999,80012,0.0,中证1000股指期货,股指期货,CFFEX,IM0
2024-04-15,5293.2,5343.2,5174.8,5262.8,106204,83623,0.0,中证1000股指期货,股指期货,CFFEX,IM0
2024-04-16,5240.2,5264.8,5038.2,5055.0,109380,72632,0.0,中证1000股指期货,股指期货,CFFEX,IM0
2024-04-17,5136.4,5294.0,5120.0,5289.2,89804,50301,0.0,中证1000股指期货,股指期货,CFFEX,IM0
2024-04-18,5267.0,5355.2,5221.2,5290.2,60839,31019,0.0,中证1000股指期货,股指期货,CFFEX,IM0
2024-04-19,5136.0,5192.4,5078.2,5118.8,62048,112345,0.0,中证1000股指期货,股指期货,CFFEX,IM0
2024-04-22,5155.4,5254.0,5115.2,5189.2,66495,80540,0.0,中证1000股指期货,股指期货,CFFEX,IM0
2024-04-23,5195.0,5228.2,5133.2,5151.8,60320,79334,0.0,中证1000股指期货,股指期货,CFFEX,IM0
2024-04-24,5178.2,5277.4,5145.8,5275.4,65511,78206,0.0,中证1000股指期货,股指期货,CFFEX,IM0
2024-04-25,5250.0,5337.0,5241.2,5279.2,59032,75366,0.0,中证1000股指期货,股指期货,CFFEX,IM0
2024-04-26,5218.0,5360.0,5218.0,5351.2,71576,110203,0.0,中证1000股指期货,股指期货,CFFEX,IM0
2024-04-29,5372.0,5528.6,5371.4,5510.2,73142,110557,0.0,中证1000股指期货,股指期货,CFFEX,IM0
2024-04-30,5510.2,5525.0,5432.4,5448.8,59732,106642,0.0,中证1000股指期货,股指期货,CFFEX,IM0
2024-05-06,5560.0,5597.2,5531.8,5548.6,57463,108078,0.0,中证1000股指期货,股指期货,CFFEX,IM0
2024-05-07,5545.0,5585.8,5533.0,5557.2,45224,106467,0.0,中证1000股指期货,股指期货,CFFEX,IM0
2024-05-08,5538.0,5538.0,5451.0,5461.2,50753,109674,0.0,中证1000股指期货,股指期货,CFFEX,IM0
2024-05-09,5478.8,5587.0,5471.8,5562.8,56400,110212,0.0,中证1000股指期货,股指期货,CFFEX,IM0
2024-05-10,5580.0,5596.0,5466.0,5503.6,67029,113824,0.0,中证1000股指期货,股指期货,CFFEX,IM0
2024-05-13,5451.0,5492.2,5389.6,5443.8,66036,116072,0.0,中证1000股指期货,股指期货,CFFEX,IM0
2024-05-14,5477.0,5528.0,5444.0,5470.0,59866,116594,0.0,中证1000股指期货,股指期货,CFFEX,IM0
2024-05-15,5460.0,5486.0,5408.2,5424.0,62134,121328,0.0,中证1000股指期货,股指期货,CFFEX,IM0
2024-05-16,5470.2,5485.4,5401.4,5415.0,79478,134269,0.0,中证1000股指期货,股指期货,CFFEX,IM0
2024-05-17,5427.8,5536.0,5408.0,5530.2,94821,142465,0.0,中证1000股指期货,股指期货,CFFEX,IM0
2024-05-20,5533.2,5587.4,5506.8,5539.2,76844,136278,0.0,中证1000股指期货,股指期货,CFFEX,IM0
2024-05-21,5520.0,5534.6,5445.0,5476.8,70134,134930,0.0,中证1000股指期货,股指期货,CFFEX,IM0
2024-05-22,5485.0,5504.2,5442.0,5479.6,65033,131548,0.0,中证1000股指期货,股指期货,CFFEX,IM0
2024-05-23,5457.0,5458.0,5325.2,5359.0,86122,136494,0.0,中证1000股指期货,股指期货,CFFEX,IM0
2024-05-24,5350.0,5386.4,5289.0,5291.2,77622,131652,0.0,中证1000股指期货,股指期货,CFFEX,IM0
2024-05-27,5320.0,5344.8,5231.8,5335.8,86544,135548,0.0,中证1000股指期货,股指期货,CFFEX,IM0
2024-05-28,5320.0,5348.0,5264.6,5279.0,76924,125679,0.0,中证1000股指期货,股指期货,CFFEX,IM0
2024-05-29,5286.2,5341.8,5252.0,5284.0,83508,130440,0.0,中证1000股指期货,股指期货,CFFEX,IM0
2024-05-30,5268.0,5323.8,5240.2,5291.4,87534,125533,0.0,中证1000股指期货,股指期货,CFFEX,IM0
2024-05-31,5313.0,5353.2,5308.0,5314.0,72770,120721,0.0,中证1000股指期货,股指期货,CFFEX,IM0
2024-06-03,5310.0,5314.4,5181.2,5222.4,94312,127269,0.0,中证1000股指期货,股指期货,CFFEX,IM0
2024-06-04,5209.8,5285.0,5180.8,5268.6,91299,119444,0.0,中证1000股指期货,股指期货,CFFEX,IM0
2024-06-05,5256.2,5288.6,5203.8,5209.6,70893,117604,0.0,中证1000股指期货,股指期货,CFFEX,IM0
2024-06-06,5235.4,5246.0,5071.4,5101.8,111388,128795,0.0,中证1000股指期货,股指期货,CFFEX,IM0
2024-06-07,5151.0,5167.8,5060.8,5115.0,100891,119715,0.0,中证1000股指期货,股指期货,CFFEX,IM0
2024-06-11,5094.4,5191.2,5048.0,5174.0,90754,116754,0.0,中证1000股指期货,股指期货,CFFEX,IM0
2024-06-12,5164.8,5207.0,5158.2,5180.6,68123,105908,0.0,中证1000股指期货,股指期货,CFFEX,IM0
2024-06-13,5199.8,5199.8,5134.2,5148.4,68759,103228,0.0,中证1000股指期货,股指期货,CFFEX,IM0
2024-06-14,5132.2,5193.8,5113.0,5178.8,82584,98376,0.0,中证1000股指期货,股指期货,CFFEX,IM0
2024-06-17,5152.0,5207.0,5142.8,5173.8,63411,86066,0.0,中证1000股指期货,股指期货,CFFEX,IM0
2024-06-18,5171.2,5242.6,5171.2,5230.0,68503,75217,0.0,中证1000股指期货,股指期货,CFFEX,IM0
2024-06-19,5240.6,5254.0,5141.0,5155.0,68614,55505,0.0,中证1000股指期货,股指期货,CFFEX,IM0
2024-06-20,5155.2,5172.8,5048.6,5064.0,55148,34529,0.0,中证1000股指期货,股指期货,CFFEX,IM0
2024-06-21,4990.2,5036.4,4968.0,4994.6,74160,95028,0.0,中证1000股指期货,股指期货,CFFEX,IM0
2024-06-24,4961.2,4979.8,4826.0,4834.0,88614,100237,0.0,中证1000股指期货,股指期货,CFFEX,IM0
2024-06-25,4852.0,4867.6,4767.8,4808.4,90594,102236,0.0,中证1000股指期货,股指期货,CFFEX,IM0
2024-06-26,4808.4,4966.2,4772.4,4954.4,108500,102894,0.0,中证1000股指期货,股指期货,CFFEX,IM0
2024-06-27,4936.4,4943.0,4818.0,4835.0,93752,99692,0.0,中证1000股指期货,股指期货,CFFEX,IM0
2024-06-28,4825.0,4951.8,4823.2,4851.4,105825,104068,0.0,中证1000股指期货,股指期货,CFFEX,IM0
2024-07-01,4858.0,4929.4,4793.2,4893.2,97193,99581,0.0,中证1000股指期货,股指期货,CFFEX,IM0
2024-07-02,4900.0,4917.4,4838.0,4863.8,77542,91892,0.0,中证1000股指期货,股指期货,CFFEX,IM0
2024-07-03,4861.2,4879.0,4821.0,4832.2,74798,92615,0.0,中证1000股指期货,股指期货,CFFEX,IM0
2024-07-04,4843.6,4853.0,4701.4,4729.0,86507,96368,0.0,中证1000股指期货,股指期货,CFFEX,IM0
2024-07-05,4728.0,4806.4,4680.0,4778.2,98420,97634,0.0,中证1000股指期货,股指期货,CFFEX,IM0
2024-07-08,4768.8,4769.0,4637.0,4663.0,88034,94241,0.0,中证1000股指期货,股指期货,CFFEX,IM0
2024-07-09,4656.0,4795.6,4626.8,4766.6,123226,105861,0.0,中证1000股指期货,股指期货,CFFEX,IM0
2024-07-10,4755.8,4813.6,4747.8,4758.0,83873,90954,0.0,中证1000股指期货,股指期货,CFFEX,IM0
2024-07-11,4840.0,4888.2,4799.6,4881.4,89853,92011,0.0,中证1000股指期货,股指期货,CFFEX,IM0
2024-07-12,4871.0,4892.0,4842.2,4864.2,68072,81735,0.0,中证1000股指期货,股指期货,CFFEX,IM0
2024-07-15,4850.2,4856.4,4790.4,4808.8,69517,78372,0.0,中证1000股指期货,股指期货,CFFEX,IM0
2024-07-16,4795.8,4837.4,4767.0,4816.6,72248,69493,0.0,中证1000股指期货,股指期货,CFFEX,IM0
2024-07-17,4820.2,4834.2,4771.6,4789.6,63485,51040,0.0,中证1000股指期货,股指期货,CFFEX,IM0
2024-07-18,4763.6,4829.0,4713.4,4809.2,60705,30963,0.0,中证1000股指期货,股指期货,CFFEX,IM0
2024-07-19,4715.0,4823.6,4710.8,4757.0,79476,83773,0.0,中证1000股指期货,股指期货,CFFEX,IM0
2024-07-22,4777.8,4808.0,4737.0,4766.2,62756,79680,0.0,中证1000股指期货,股指期货,CFFEX,IM0
2024-07-23,4776.0,4781.8,4624.4,4625.0,65738,81852,0.0,中证1000股指期货,股指期货,CFFEX,IM0
2024-07-24,4619.8,4649.4,4562.2,4570.2,89033,93159,0.0,中证1000股指期货,股指期货,CFFEX,IM0
2024-07-25,4555.0,4643.0,4542.0,4579.2,88909,88083,0.0,中证1000股指期货,股指期货,CFFEX,IM0
2024-07-26,4601.4,4679.0,4600.2,4664.6,83036,86687,0.0,中证1000股指期货,股指期货,CFFEX,IM0
2024-07-29,4679.0,4679.0,4619.2,4638.6,59453,79510,0.0,中证1000股指期货,股指期货,CFFEX,IM0
2024-07-30,4618.6,4685.4,4585.2,4656.0,74188,87209,0.0,中证1000股指期货,股指期货,CFFEX,IM0
2024-07-31,4660.0,4898.8,4648.0,4895.0,100816,92356,0.0,中证1000股指期货,股指期货,CFFEX,IM0
2024-08-01,4899.2,4935.0,4827.6,4859.4,81007,87470,0.0,中证1000股指期货,股指期货,CFFEX,IM0
2024-08-02,4820.0,4892.0,4781.8,4792.8,81276,87295,0.0,中证1000股指期货,股指期货,CFFEX,IM0
2024-08-05,4780.0,4852.2,4652.2,4670.6,107524,95315,0.0,中证1000股指期货,股指期货,CFFEX,IM0
2024-08-06,4739.4,4764.4,4673.0,4729.8,88344,84545,0.0,中证1000股指期货,股指期货,CFFEX,IM0
2024-08-07,4721.0,4759.0,4693.0,4719.0,74151,80158,0.0,中证1000股指期货,股指期货,CFFEX,IM0
2024-08-08,4701.2,4772.0,4655.0,4735.0,88332,83736,0.0,中证1000股指期货,股指期货,CFFEX,IM0
2024-08-09,4772.0,4792.0,4682.0,4687.0,77726,74611,0.0,中证1000股指期货,股指期货,CFFEX,IM0
2024-08-12,4687.0,4703.6,4651.0,4678.4,67101,69659,0.0,中证1000股指期货,股指期货,CFFEX,IM0
2024-08-13,4678.2,4705.0,4637.0,4689.8,68645,61666,0.0,中证1000股指期货,股指期货,CFFEX,IM0
2024-08-14,4690.0,4701.0,4640.6,4641.6,51499,44383,0.0,中证1000股指期货,股指期货,CFFEX,IM0
2024-08-15,4580.0,4719.4,4573.6,4637.4,118664,160619,0.0,中证1000股指期货,股指期货,CFFEX,IM0
2024-08-16,4649.0,4668.8,4602.0,4606.2,90140,155809,0.0,中证1000股指期货,股指期货,CFFEX,IM0
2024-08-19,4608.0,4687.4,4600.2,4622.8,80063,155221,0.0,中证1000股指期货,股指期货,CFFEX,IM0
2024-08-20,4626.0,4632.8,4518.2,4537.0,96619,155978,0.0,中证1000股指期货,股指期货,CFFEX,IM0
2024-08-21,4530.2,4559.0,4513.6,4522.0,72862,149045,0.0,中证1000股指期货,股指期货,CFFEX,IM0
2024-08-22,4528.0,4538.2,4456.4,4473.2,88130,156536,0.0,中证1000股指期货,股指期货,CFFEX,IM0
2024-08-23,4478.0,4494.0,4445.6,4475.0,87728,150538,0.0,中证1000股指期货,股指期货,CFFEX,IM0
2024-08-26,4480.0,4517.0,4458.6,4489.2,77864,148292,0.0,中证1000股指期货,股指期货,CFFEX,IM0
2024-08-27,4476.0,4480.0,4422.8,4442.2,77232,146087,0.0,中证1000股指期货,股指期货,CFFEX,IM0
2024-08-28,4433.0,4493.8,4421.2,4450.2,82253,146868,0.0,中证1000股指期货,股指期货,CFFEX,IM0
2024-08-29,4434.6,4553.6,4432.0,4527.4,113326,153849,0.0,中证1000股指期货,股指期货,CFFEX,IM0
2024-08-30,4527.6,4697.6,4525.2,4621.0,142796,155302,0.0,中证1000股指期货,股指期货,CFFEX,IM0
2024-09-02,4612.0,4634.8,4508.8,4515.6,89892,142020,0.0,中证1000股指期货,股指期货,CFFEX,IM0
2024-09-03,4524.0,4592.8,4514.0,4547.4,95410,140430,0.0,中证1000股指期货,股指期货,CFFEX,IM0
2024-09-04,4530.0,4587.0,4507.0,4536.2,95403,134704,0.0,中证1000股指期货,股指期货,CFFEX,IM0
2024-09-05,4544.6,4611.4,4544.6,4577.2,88060,131885,0.0,中证1000股指期货,股指期货,CFFEX,IM0
2024-09-06,4595.0,4597.4,4482.0,4497.2,90398,127548,0.0,中证1000股指期货,股指期货,CFFEX,IM0
2024-09-09,4487.2,4518.6,4445.2,4457.4,85871,125870,0.0,中证1000股指期货,股指期货,CFFEX,IM0
2024-09-10,4471.0,4502.4,4378.8,4473.6,116746,129541,0.0,中证1000股指期货,股指期货,CFFEX,IM0
2024-09-11,4460.0,4494.4,4439.0,4474.8,86309,111092,0.0,中证1000股指期货,股指期货,CFFEX,IM0
2024-09-12,4484.0,4545.0,4461.6,4468.4,86856,106827,0.0,中证1000股指期货,股指期货,CFFEX,IM0
2024-09-13,4475.0,4478.6,4414.2,4416.8,80427,94210,0.0,中证1000股指期货,股指期货,CFFEX,IM0
2024-09-18,4413.0,4423.0,4337.4,4405.0,90715,75838,0.0,中证1000股指期货,股指期货,CFFEX,IM0
2024-09-19,4422.2,4543.2,4380.0,4487.4,92123,42680,0.0,中证1000股指期货,股指期货,CFFEX,IM0
2024-09-20,4483.0,4493.0,4437.0,4447.8,35454,17785,0.0,中证1000股指期货,股指期货,CFFEX,IM0
2024-09-23,4415.2,4497.8,4402.4,4437.0,78245,101314,0.0,中证1000股指期货,股指期货,CFFEX,IM0
2024-09-24,4496.0,4656.8,4438.2,4653.2,156875,127361,0.0,中证1000股指期货,股指期货,CFFEX,IM0
2024-09-25,4710.0,4802.8,4672.6,4680.0,130643,110238,0.0,中证1000股指期货,股指期货,CFFEX,IM0
2024-09-26,4671.4,4940.0,4662.4,4937.4,152942,119316,0.0,中证1000股指期货,股指期货,CFFEX,IM0
2024-09-27,5022.0,5362.6,4954.4,5362.2,212983,109667,0.0,中证1000股指期货,股指期货,CFFEX,IM0
2024-09-30,5521.0,5813.4,5392.6,5813.4,180916,102683,0.0,中证1000股指期货,股指期货,CFFEX,IM0
2024-10-08,6381.2,6381.2,5906.0,6219.8,211253,102649,0.0,中证1000股指期货,股指期货,CFFEX,IM0
2024-10-09,6050.0,6129.6,5679.0,5749.8,236928,113905,0.0,中证1000股指期货,股指期货,CFFEX,IM0
2024-10-10,5860.0,5934.6,5629.6,5664.0,199403,109601,0.0,中证1000股指期货,股指期货,CFFEX,IM0
2024-10-11,5630.2,5650.0,5345.0,5423.0,181571,106392,0.0,中证1000股指期货,股指期货,CFFEX,IM0
2024-10-14,5460.0,5638.6,5337.6,5613.0,166111,94623,0.0,中证1000股指期货,股指期货,CFFEX,IM0
2024-10-15,5555.0,5708.6,5481.0,5481.4,145218,85180,0.0,中证1000股指期货,股指期货,CFFEX,IM0
2024-10-16,5438.4,5620.0,5425.0,5527.2,126998,67735,0.0,中证1000股指期货,股指期货,CFFEX,IM0
2024-10-17,5588.0,5634.4,5489.2,5490.0,91036,41237,0.0,中证1000股指期货,股指期货,CFFEX,IM0
2024-10-18,5455.0,5989.8,5430.0,5728.0,237911,154527,0.0,中证1000股指期货,股指期货,CFFEX,IM0
2024-10-21,5780.0,5944.0,5750.4,5822.6,164469,156900,0.0,中证1000股指期货,股指期货,CFFEX,IM0
2024-10-22,5817.0,5896.0,5764.0,5850.6,144065,152874,0.0,中证1000股指期货,股指期货,CFFEX,IM0
2024-10-23,5828.0,5976.0,5811.2,5866.2,163299,160776,0.0,中证1000股指期货,股指期货,CFFEX,IM0
2024-10-24,5840.0,5861.0,5775.6,5832.0,128380,152667,0.0,中证1000股指期货,股指期货,CFFEX,IM0
2024-10-25,5855.8,6001.8,5843.4,5979.4,171776,164952,0.0,中证1000股指期货,股指期货,CFFEX,IM0
2024-10-28,5981.4,6050.8,5931.0,6044.0,129514,156470,0.0,中证1000股指期货,股指期货,CFFEX,IM0
2024-10-29,6075.0,6087.4,5931.2,5951.0,158353,169197,0.0,中证1000股指期货,股指期货,CFFEX,IM0
2024-10-30,5936.0,6009.6,5890.8,5975.0,152202,160642,0.0,中证1000股指期货,股指期货,CFFEX,IM0
2024-10-31,5988.2,6133.0,5950.0,6063.6,194052,174387,0.0,中证1000股指期货,股指期货,CFFEX,IM0
2024-11-01,6048.0,6063.8,5874.0,5890.0,186128,168205,0.0,中证1000股指期货,股指期货,CFFEX,IM0
2024-11-04,5881.2,6040.2,5881.2,6035.8,137701,165746,0.0,中证1000股指期货,股指期货,CFFEX,IM0
2024-11-05,6019.4,6293.4,6011.0,6261.4,198361,176878,0.0,中证1000股指期货,股指期货,CFFEX,IM0
2024-11-06,6267.0,6348.8,6201.0,6268.2,203102,175401,0.0,中证1000股指期货,股指期货,CFFEX,IM0
2024-11-07,6225.2,6397.8,6222.4,6389.0,165755,168295,0.0,中证1000股指期货,股指期货,CFFEX,IM0
2024-11-08,6440.0,6507.0,6349.2,6381.8,188440,178466,0.0,中证1000股指期货,股指期货,CFFEX,IM0
2024-11-11,6359.0,6522.2,6342.4,6490.4,164466,172711,0.0,中证1000股指期货,股指期货,CFFEX,IM0
2024-11-12,6500.0,6538.0,6362.8,6407.8,176924,178522,0.0,中证1000股指期货,股指期货,CFFEX,IM0
2024-11-13,6387.6,6436.2,6303.2,6397.4,181560,179774,0.0,中证1000股指期货,股指期货,CFFEX,IM0
2024-11-14,6381.0,6396.8,6221.0,6239.6,182534,192409,0.0,中证1000股指期货,股指期货,CFFEX,IM0
2024-11-15,6260.0,6306.2,6095.0,6103.0,218880,199783,0.0,中证1000股指期货,股指期货,CFFEX,IM0
2024-11-18,6141.2,6144.0,5901.4,5954.2,217824,200461,0.0,中证1000股指期货,股指期货,CFFEX,IM0
2024-11-19,5979.0,6101.4,5931.0,6093.0,220087,196641,0.0,中证1000股指期货,股指期货,CFFEX,IM0
2024-11-20,6080.0,6208.8,6070.6,6190.8,200989,191596,0.0,中证1000股指期货,股指期货,CFFEX,IM0
2024-11-21,6180.0,6224.0,6125.0,6187.2,181881,187022,0.0,中证1000股指期货,股指期货,CFFEX,IM0
2024-11-22,6173.0,6209.6,5943.0,5951.2,197788,189155,0.0,中证1000股指期货,股指期货,CFFEX,IM0
2024-11-25,5973.2,5995.8,5882.2,5992.8,202233,193159,0.0,中证1000股指期货,股指期货,CFFEX,IM0
2024-11-26,5980.2,6033.4,5887.0,5914.0,190017,185010,0.0,中证1000股指期货,股指期货,CFFEX,IM0
2024-11-27,5886.2,6095.4,5801.0,6086.8,244628,197311,0.0,中证1000股指期货,股指期货,CFFEX,IM0
2024-11-28,6091.0,6126.8,6011.4,6036.8,186048,176294,0.0,中证1000股指期货,股指期货,CFFEX,IM0
2024-11-29,6030.0,6225.8,5988.2,6156.0,235635,189378,0.0,中证1000股指期货,股指期货,CFFEX,IM0
2024-12-02,6156.2,6307.0,6150.2,6266.8,182864,173067,0.0,中证1000股指期货,股指期货,CFFEX,IM0
2024-12-03,6272.2,6324.2,6193.2,6265.4,180768,172505,0.0,中证1000股指期货,股指期货,CFFEX,IM0
2024-12-04,6265.2,6270.0,6131.2,6171.8,176184,166822,0.0,中证1000股指期货,股指期货,CFFEX,IM0
2024-12-05,6155.8,6281.8,6153.2,6255.6,169624,161405,0.0,中证1000股指期货,股指期货,CFFEX,IM0
2024-12-06,6263.2,6370.2,6175.2,6333.6,203792,167060,0.0,中证1000股指期货,股指期货,CFFEX,IM0
2024-12-09,6323.8,6354.6,6218.2,6264.0,147628,150504,0.0,中证1000股指期货,股指期货,CFFEX,IM0
2024-12-10,6500.0,6538.0,6330.2,6358.2,188885,157277,0.0,中证1000股指期货,股指期货,CFFEX,IM0
2024-12-11,6356.8,6452.8,6356.6,6430.2,146971,141428,0.0,中证1000股指期货,股指期货,CFFEX,IM0
2024-12-12,6432.2,6498.0,6376.6,6477.8,144410,134954,0.0,中证1000股指期货,股指期货,CFFEX,IM0
2024-12-13,6419.0,6442.8,6327.8,6359.0,164655,131621,0.0,中证1000股指期货,股指期货,CFFEX,IM0
2024-12-16,6361.0,6364.8,6242.4,6263.4,115176,113214,0.0,中证1000股指期货,股指期货,CFFEX,IM0
2024-12-17,6249.8,6267.2,6138.0,6143.6,144996,113630,0.0,中证1000股指期货,股指期货,CFFEX,IM0
2024-12-18,6169.8,6243.0,6126.0,6189.8,116069,81088,0.0,中证1000股指期货,股指期货,CFFEX,IM0
2024-12-19,6131.8,6231.6,6096.0,6218.0,96333,52443,0.0,中证1000股指期货,股指期货,CFFEX,IM0
2024-12-20,6217.8,6313.0,6196.0,6278.4,44472,20516,0.0,中证1000股指期货,股指期货,CFFEX,IM0
2024-12-23,6142.0,6144.0,5982.8,5987.0,110939,154200,0.0,中证1000股指期货,股指期货,CFFEX,IM0
2024-12-24,6010.0,6058.2,5966.4,6053.4,122818,152273,0.0,中证1000股指期货,股指期货,CFFEX,IM0
2024-12-25,6034.0,6045.0,5944.2,6001.8,122978,155470,0.0,中证1000股指期货,股指期货,CFFEX,IM0
2024-12-26,6000.0,6083.6,5996.0,6052.8,94903,146619,0.0,中证1000股指期货,股指期货,CFFEX,IM0
2024-12-27,6059.0,6155.0,6018.0,6067.4,116992,155250,0.0,中证1000股指期货,股指期货,CFFEX,IM0
2024-12-30,6061.0,6100.0,6008.0,6057.8,111379,153147,0.0,中证1000股指期货,股指期货,CFFEX,IM0
2024-12-31,6070.0,6081.6,5847.0,5848.6,137741,164962,0.0,中证1000股指期货,股指期货,CFFEX,IM0
2025-01-02,5850.2,5887.8,5638.0,5699.4,166462,168141,0.0,中证1000股指期货,股指期货,CFFEX,IM0
2025-01-03,5721.0,5727.0,5529.0,5553.4,176952,172211,0.0,中证1000股指期货,股指期货,CFFEX,IM0
2025-01-06,5550.8,5606.8,5490.8,5527.2,151560,168619,0.0,中证1000股指期货,股指期货,CFFEX,IM0
2025-01-07,5536.0,5608.6,5496.2,5599.0,140353,166007,0.0,中证1000股指期货,股指期货,CFFEX,IM0
2025-01-08,5570.0,5622.0,5402.6,5565.4,200605,180375,0.0,中证1000股指期货,股指期货,CFFEX,IM0
2025-01-09,5540.2,5615.0,5539.2,5561.2,127718,167449,0.0,中证1000股指期货,股指期货,CFFEX,IM0
2025-01-10,5559.0,5630.0,5452.0,5456.0,166760,178339,0.0,中证1000股指期货,股指期货,CFFEX,IM0
2025-01-13,5429.6,5525.0,5381.0,5480.8,159240,175491,0.0,中证1000股指期货,股指期货,CFFEX,IM0
2025-01-14,5511.0,5752.0,5477.0,5747.6,211844,187451,0.0,中证1000股指期货,股指期货,CFFEX,IM0
2025-01-15,5733.0,5745.0,5673.6,5702.4,139200,176033,0.0,中证1000股指期货,股指期货,CFFEX,IM0
2025-01-16,5733.8,5852.6,5677.0,5720.4,193605,194476,0.0,中证1000股指期货,股指期货,CFFEX,IM0
2025-01-17,5703.0,5832.0,5686.0,5778.0,196360,188890,0.0,中证1000股指期货,股指期货,CFFEX,IM0
2025-01-20,5820.0,5885.0,5797.4,5816.4,156432,185989,0.0,中证1000股指期货,股指期货,CFFEX,IM0
2025-01-21,5855.0,5872.8,5766.0,5845.6,159114,186188,0.0,中证1000股指期货,股指期货,CFFEX,IM0
2025-01-22,5817.0,5829.0,5751.0,5806.6,144804,182051,0.0,中证1000股指期货,股指期货,CFFEX,IM0
2025-01-23,5859.0,5961.8,5775.0,5776.2,206009,196866,0.0,中证1000股指期货,股指期货,CFFEX,IM0
2025-01-24,5776.8,5926.4,5776.8,5920.0,181477,182907,0.0,中证1000股指期货,股指期货,CFFEX,IM0
2025-01-27,5948.4,5954.0,5786.0,5790.6,150049,178993,0.0,中证1000股指期货,股指期货,CFFEX,IM0
2025-02-05,5861.0,5904.0,5796.0,5832.2,148296,180250,0.0,中证1000股指期货,股指期货,CFFEX,IM0
2025-02-06,5828.8,6012.0,5797.0,5988.6,174807,189866,0.0,中证1000股指期货,股指期货,CFFEX,IM0
2025-02-07,5996.8,6176.0,5988.0,6095.4,221664,197152,0.0,中证1000股指期货,股指期货,CFFEX,IM0
2025-02-10,6115.0,6169.8,6083.0,6143.6,150283,180572,0.0,中证1000股指期货,股指期货,CFFEX,IM0
2025-02-11,6139.0,6156.0,6077.0,6133.2,137719,179091,0.0,中证1000股指期货,股指期货,CFFEX,IM0
2025-02-12,6123.4,6227.8,6119.4,6223.0,170775,189977,0.0,中证1000股指期货,股指期货,CFFEX,IM0
2025-02-13,6217.0,6226.0,6155.0,6175.0,173716,187814,0.0,中证1000股指期货,股指期货,CFFEX,IM0
2025-02-14,6178.0,6219.8,6132.0,6205.2,165277,187975,0.0,中证1000股指期货,股指期货,CFFEX,IM0
2025-02-17,6241.0,6259.8,6168.4,6219.2,164701,187072,0.0,中证1000股指期货,股指期货,CFFEX,IM0
2025-02-18,6206.6,6236.0,6065.6,6110.2,194221,199394,0.0,中证1000股指期货,股指期货,CFFEX,IM0
2025-02-19,6107.0,6247.8,6099.6,6240.0,184332,197244,0.0,中证1000股指期货,股指期货,CFFEX,IM0
2025-02-20,6231.8,6291.8,6206.0,6254.4,167649,198815,0.0,中证1000股指期货,股指期货,CFFEX,IM0
2025-02-21,6274.8,6423.0,6246.0,6399.0,201141,206363,0.0,中证1000股指期货,股指期货,CFFEX,IM0
2025-02-24,6380.0,6409.8,6327.8,6366.6,172390,195891,0.0,中证1000股指期货,股指期货,CFFEX,IM0
2025-02-25,6309.4,6405.2,6292.0,6355.4,180068,195526,0.0,中证1000股指期货,股指期货,CFFEX,IM0
2025-02-26,6376.6,6465.0,6322.2,6420.8,212290,201621,0.0,中证1000股指期货,股指期货,CFFEX,IM0
2025-02-27,6412.6,6453.6,6324.6,6415.0,208253,194417,0.0,中证1000股指期货,股指期货,CFFEX,IM0
2025-02-28,6387.8,6397.0,6208.0,6230.4,216120,198135,0.0,中证1000股指期货,股指期货,CFFEX,IM0
2025-03-03,6250.0,6324.6,6196.4,6215.4,192032,187317,0.0,中证1000股指期货,股指期货,CFFEX,IM0
2025-03-04,6184.8,6306.0,6169.0,6279.2,179630,184657,0.0,中证1000股指期货,股指期货,CFFEX,IM0
2025-03-05,6285.0,6329.8,6233.2,6313.0,182519,181491,0.0,中证1000股指期货,股指期货,CFFEX,IM0
2025-03-06,6352.8,6504.4,6352.2,6475.8,187916,179624,0.0,中证1000股指期货,股指期货,CFFEX,IM0
2025-03-07,6455.0,6500.0,6417.8,6452.8,165679,169906,0.0,中证1000股指期货,股指期货,CFFEX,IM0
2025-03-10,6458.0,6476.2,6373.6,6427.4,154299,162826,0.0,中证1000股指期货,股指期货,CFFEX,IM0
2025-03-11,6371.0,6491.0,6365.0,6490.0,170671,165483,0.0,中证1000股指期货,股指期货,CFFEX,IM0
2025-03-12,6525.0,6587.0,6482.2,6513.8,165499,161880,0.0,中证1000股指期货,股指期货,CFFEX,IM0
2025-03-13,6507.0,6520.6,6360.2,6426.0,189598,165394,0.0,中证1000股指期货,股指期货,CFFEX,IM0
2025-03-14,6428.4,6568.0,6389.2,6562.8,190307,148876,0.0,中证1000股指期货,股指期货,CFFEX,IM0
2025-03-17,6563.0,6573.0,6523.2,6543.4,117429,127485,0.0,中证1000股指期货,股指期货,CFFEX,IM0
2025-03-18,6566.8,6634.4,6555.6,6577.0,113170,120484,0.0,中证1000股指期货,股指期货,CFFEX,IM0
2025-03-19,6560.0,6584.0,6506.0,6550.0,115152,98474,0.0,中证1000股指期货,股指期货,CFFEX,IM0
2025-03-20,6326.0,6359.8,6280.0,6307.2,81351,130145,0.0,中证1000股指期货,股指期货,CFFEX,IM0
2025-03-21,6285.0,6305.4,6144.6,6177.4,134047,155030,0.0,中证1000股指期货,股指期货,CFFEX,IM0
2025-03-24,6186.4,6189.4,6063.0,6142.8,139956,158394,0.0,中证1000股指期货,股指期货,CFFEX,IM0
2025-03-25,6132.6,6167.0,6069.2,6115.6,138822,161637,0.0,中证1000股指期货,股指期货,CFFEX,IM0
2025-03-26,6118.0,6185.0,6113.0,6129.4,123686,155502,0.0,中证1000股指期货,股指期货,CFFEX,IM0
2025-03-27,6118.4,6202.2,6044.0,6143.4,151417,167954,0.0,中证1000股指期货,股指期货,CFFEX,IM0
2025-03-28,6149.0,6180.0,6066.2,6078.4,136714,159759,0.0,中证1000股指期货,股指期货,CFFEX,IM0
2025-03-31,6050.4,6092.0,5979.8,6049.0,159321,175574,0.0,中证1000股指期货,股指期货,CFFEX,IM0
2025-04-01,6068.8,6117.6,6059.2,6064.2,117820,159238,0.0,中证1000股指期货,股指期货,CFFEX,IM0
2025-04-02,6072.2,6141.0,6063.0,6100.0,106534,161702,0.0,中证1000股指期货,股指期货,CFFEX,IM0
2025-04-03,6069.8,6134.8,6000.4,6031.8,170579,180839,0.0,中证1000股指期货,股指期货,CFFEX,IM0
2025-04-07,5749.0,5838.8,5432.6,5432.6,194726,166036,0.0,中证1000股指期货,股指期货,CFFEX,IM0
2025-04-08,5500.0,5500.2,5202.0,5313.6,277947,191362,0.0,中证1000股指期货,股指期货,CFFEX,IM0
2025-04-09,5202.2,5488.0,5053.2,5429.6,307215,184548,0.0,中证1000股指期货,股指期货,CFFEX,IM0
2025-04-10,5550.4,5701.2,5549.0,5578.2,222566,174420,0.0,中证1000股指期货,股指期货,CFFEX,IM0
2025-04-11,5555.0,5746.6,5545.0,5672.2,192909,173299,0.0,中证1000股指期货,股指期货,CFFEX,IM0
2025-04-14,5733.0,5769.8,5690.0,5693.0,133293,162218,0.0,中证1000股指期货,股指期货,CFFEX,IM0
2025-04-15,5689.8,5722.0,5637.0,5680.4,126870,164742,0.0,中证1000股指期货,股指期货,CFFEX,IM0
2025-04-16,5660.0,5667.8,5554.6,5603.0,156339,171071,0.0,中证1000股指期货,股指期货,CFFEX,IM0
2025-04-17,5588.0,5715.0,5578.0,5653.8,156019,168300,0.0,中证1000股指期货,股指期货,CFFEX,IM0
2025-04-18,5649.0,5699.0,5593.8,5642.0,150566,168687,0.0,中证1000股指期货,股指期货,CFFEX,IM0
2025-04-21,5627.6,5783.0,5603.6,5770.0,137318,166314,0.0,中证1000股指期货,股指期货,CFFEX,IM0
2025-04-22,5770.2,5802.8,5732.2,5769.6,130317,163968,0.0,中证1000股指期货,股指期货,CFFEX,IM0
2025-04-23,5840.0,5873.2,5791.8,5820.0,146296,166689,0.0,中证1000股指期货,股指期货,CFFEX,IM0
2025-04-24,5805.0,5823.0,5730.8,5767.4,135094,163863,0.0,中证1000股指期货,股指期货,CFFEX,IM0
2025-04-25,5788.0,5840.0,5744.0,5786.6,147686,167733,0.0,中证1000股指期货,股指期货,CFFEX,IM0
2025-04-28,5780.0,5794.6,5700.0,5729.0,120927,159258,0.0,中证1000股指期货,股指期货,CFFEX,IM0
2025-04-29,5719.0,5787.6,5700.0,5773.6,116166,159461,0.0,中证1000股指期货,股指期货,CFFEX,IM0
2025-04-30,5785.0,5833.0,5775.0,5801.4,108819,153214,0.0,中证1000股指期货,股指期货,CFFEX,IM0
2025-05-06,5855.0,5955.0,5852.0,5953.2,107389,160100,0.0,中证1000股指期货,股指期货,CFFEX,IM0
2025-05-07,6015.0,6090.0,5920.4,5955.2,158085,174521,0.0,中证1000股指期货,股指期货,CFFEX,IM0
2025-05-08,5945.0,6042.8,5945.0,6018.8,125065,165679,0.0,中证1000股指期货,股指期货,CFFEX,IM0
2025-05-09,6012.8,6012.8,5911.6,5945.2,124744,165673,0.0,中证1000股指期货,股指期货,CFFEX,IM0
2025-05-12,6002.0,6039.0,5975.2,6037.0,134023,170704,0.0,中证1000股指期货,股指期货,CFFEX,IM0
2025-05-13,6075.4,6079.6,5981.0,5996.6,132408,170058,0.0,中证1000股指期货,股指期货,CFFEX,IM0
2025-05-14,6010.2,6101.8,5973.6,6043.0,189515,196475,0.0,中证1000股指期货,股指期货,CFFEX,IM0
2025-05-15,6026.2,6029.8,5924.4,5949.0,155023,187025,0.0,中证1000股指期货,股指期货,CFFEX,IM0
2025-05-16,5939.2,5992.2,5933.2,5933.8,131868,188635,0.0,中证1000股指期货,股指期货,CFFEX,IM0
2025-05-19,5940.0,5976.8,5870.2,5975.4,140984,192261,0.0,中证1000股指期货,股指期货,CFFEX,IM0
2025-05-20,5984.0,6028.0,5943.0,6019.4,124540,184920,0.0,中证1000股指期货,股指期货,CFFEX,IM0
2025-05-21,6009.0,6018.0,5974.0,6000.6,111291,180860,0.0,中证1000股指期货,股指期货,CFFEX,IM0
2025-05-22,5986.0,6037.8,5930.0,5950.0,148619,195203,0.0,中证1000股指期货,股指期货,CFFEX,IM0
2025-05-23,5949.0,5998.0,5871.0,5872.0,167101,194014,0.0,中证1000股指期货,股指期货,CFFEX,IM0
2025-05-26,5880.0,5941.4,5871.0,5925.0,133893,181503,0.0,中证1000股指期货,股指期货,CFFEX,IM0
2025-05-27,5918.0,5936.0,5861.2,5915.0,140778,186517,0.0,中证1000股指期货,股指期货,CFFEX,IM0
2025-05-28,5925.0,5944.8,5873.6,5899.0,120232,175258,0.0,中证1000股指期货,股指期货,CFFEX,IM0
2025-05-29,5914.8,6031.4,5906.0,6031.0,166397,187832,0.0,中证1000股指期货,股指期货,CFFEX,IM0
2025-05-30,6001.2,6004.2,5932.0,5966.0,130165,168201,0.0,中证1000股指期货,股指期货,CFFEX,IM0
2025-06-03,5951.0,6027.0,5940.8,5998.0,112727,169461,0.0,中证1000股指期货,股指期货,CFFEX,IM0
2025-06-04,6007.6,6067.0,5992.0,6054.0,100779,161713,0.0,中证1000股指期货,股指期货,CFFEX,IM0
2025-06-05,6060.0,6119.0,6030.0,6101.6,118336,166975,0.0,中证1000股指期货,股指期货,CFFEX,IM0
2025-06-06,6095.0,6114.6,6077.2,6100.2,88977,154557,0.0,中证1000股指期货,股指期货,CFFEX,IM0
2025-06-09,6120.0,6191.2,6108.0,6167.8,105988,156512,0.0,中证1000股指期货,股指期货,CFFEX,IM0
2025-06-10,6170.0,6174.0,6062.0,6113.8,132573,158926,0.0,中证1000股指期货,股指期货,CFFEX,IM0
2025-06-11,6124.6,6196.6,6122.4,6144.0,112327,144803,0.0,中证1000股指期货,股指期货,CFFEX,IM0
2025-06-12,6122.6,6174.6,6103.2,6156.8,99982,142864,0.0,中证1000股指期货,股指期货,CFFEX,IM0
2025-06-13,6127.0,6149.8,6060.0,6084.2,119917,141736,0.0,中证1000股指期货,股指期货,CFFEX,IM0
2025-06-16,6063.8,6142.0,6063.8,6127.4,96721,124057,0.0,中证1000股指期货,股指期货,CFFEX,IM0
2025-06-17,6135.0,6150.0,6100.0,6130.0,97198,112030,0.0,中证1000股指期货,股指期货,CFFEX,IM0
2025-06-18,6125.0,6139.8,6078.8,6124.2,87763,88005,0.0,中证1000股指期货,股指期货,CFFEX,IM0
2025-06-19,5854.6,5878.2,5783.6,5806.0,80368,136839,0.0,中证1000股指期货,股指期货,CFFEX,IM0
2025-06-20,5812.0,5826.0,5780.4,5787.8,84705,146127,0.0,中证1000股指期货,股指期货,CFFEX,IM0
2025-06-23,5770.0,5866.8,5765.0,5851.2,99867,153037,0.0,中证1000股指期货,股指期货,CFFEX,IM0
2025-06-24,5869.0,6003.4,5866.8,5995.0,120129,156132,0.0,中证1000股指期货,股指期货,CFFEX,IM0
2025-06-25,5995.0,6133.0,5994.8,6119.6,139775,170051,0.0,中证1000股指期货,股指期货,CFFEX,IM0
2025-06-26,6105.0,6147.8,6090.6,6097.8,106191,161694,0.0,中证1000股指期货,股指期货,CFFEX,IM0
2025-06-27,6120.0,6174.4,6100.6,6110.8,113010,167757,0.0,中证1000股指期货,股指期货,CFFEX,IM0
2025-06-30,6140.4,6173.6,6119.0,6148.6,94541,158728,0.0,中证1000股指期货,股指期货,CFFEX,IM0
2025-07-01,6143.0,6150.0,6076.2,6133.4,103226,164955,0.0,中证1000股指期货,股指期货,CFFEX,IM0
2025-07-02,6130.0,6131.8,6080.0,6117.0,93428,159237,0.0,中证1000股指期货,股指期货,CFFEX,IM0
2025-07-03,6127.2,6161.0,6098.4,6135.8,95917,161580,0.0,中证1000股指期货,股指期货,CFFEX,IM0
2025-07-04,6130.0,6184.2,6084.2,6112.2,151899,177599,0.0,中证1000股指期货,股指期货,CFFEX,IM0
2025-07-07,6100.0,6130.0,6095.2,6111.6,80166,160866,0.0,中证1000股指期货,股指期货,CFFEX,IM0
2025-07-08,6114.2,6237.0,6102.0,6235.8,128815,176309,0.0,中证1000股指期货,股指期货,CFFEX,IM0
2025-07-09,6240.0,6249.8,6208.2,6214.0,94223,161900,0.0,中证1000股指期货,股指期货,CFFEX,IM0
2025-07-10,6214.0,6265.0,6200.8,6231.6,98260,169266,0.0,中证1000股指期货,股指期货,CFFEX,IM0
2025-07-11,6240.2,6360.0,6211.4,6319.8,147131,181506,0.0,中证1000股指期货,股指期货,CFFEX,IM0
2025-07-14,6326.0,6329.8,6293.0,6302.2,71184,168013,0.0,中证1000股指期货,股指期货,CFFEX,IM0
2025-07-15,6298.0,6335.4,6229.0,6277.4,120268,181672,0.0,中证1000股指期货,股指期货,CFFEX,IM0
2025-07-16,6288.0,6355.0,6270.2,6298.0,113703,172288,0.0,中证1000股指期货,股指期货,CFFEX,IM0
2025-07-17,6295.0,6391.6,6288.2,6390.4,109376,177468,0.0,中证1000股指期货,股指期货,CFFEX,IM0
2025-07-18,6406.0,6437.0,6372.8,6413.6,104691,175267,0.0,中证1000股指期货,股指期货,CFFEX,IM0
2025-07-21,6440.0,6503.2,6430.2,6463.2,106976,178934,0.0,中证1000股指期货,股指期货,CFFEX,IM0
2025-07-22,6463.2,6518.0,6451.2,6515.4,118700,178632,0.0,中证1000股指期货,股指期货,CFFEX,IM0
2025-07-23,6521.2,6561.4,6474.2,6500.0,131364,182055,0.0,中证1000股指期货,股指期货,CFFEX,IM0
2025-07-24,6492.0,6626.2,6491.2,6618.6,124051,181457,0.0,中证1000股指期货,股指期货,CFFEX,IM0
2025-07-25,6619.0,6619.0,6567.0,6605.8,98231,172911,0.0,中证1000股指期货,股指期货,CFFEX,IM0
2025-07-28,6608.6,6645.0,6560.0,6602.0,116079,180433,0.0,中证1000股指期货,股指期货,CFFEX,IM0
2025-07-29,6583.0,6664.2,6546.6,6662.0,116403,174556,0.0,中证1000股指期货,股指期货,CFFEX,IM0
2025-07-30,6640.0,6658.0,6556.0,6604.2,144840,185002,0.0,中证1000股指期货,股指期货,CFFEX,IM0
2025-07-31,6589.0,6634.0,6497.2,6538.0,167548,183162,0.0,中证1000股指期货,股指期货,CFFEX,IM0
2025-08-01,6554.6,6594.6,6507.0,6542.8,133160,176823,0.0,中证1000股指期货,股指期货,CFFEX,IM0
2025-08-04,6528.0,6644.0,6512.2,6642.6,119420,177500,0.0,中证1000股指期货,股指期货,CFFEX,IM0
2025-08-05,6658.0,6685.0,6631.0,6682.0,95602,172540,0.0,中证1000股指期货,股指期货,CFFEX,IM0
2025-08-06,6674.0,6785.0,6668.0,6762.6,106338,178409,0.0,中证1000股指期货,股指期货,CFFEX,IM0
2025-08-07,6768.8,6794.6,6711.0,6750.0,119420,179795,0.0,中证1000股指期货,股指期货,CFFEX,IM0
2025-08-08,6740.0,6760.8,6705.4,6735.0,98835,173187,0.0,中证1000股指期货,股指期货,CFFEX,IM0
2025-08-11,6759.8,6888.0,6756.2,6851.2,124872,189312,0.0,中证1000股指期货,股指期货,CFFEX,IM0
2025-08-12,6852.2,6891.8,6824.2,6883.6,104433,182508,0.0,中证1000股指期货,股指期货,CFFEX,IM0
2025-08-13,6900.8,7016.0,6898.2,7001.8,138415,204738,0.0,中证1000股指期货,股指期货,CFFEX,IM0
2025-08-14,7015.0,7027.8,6893.0,6929.2,159795,203734,0.0,中证1000股指期货,股指期货,CFFEX,IM0
2025-08-15,6929.0,7086.8,6918.0,7086.2,163237,218372,0.0,中证1000股指期货,股指期货,CFFEX,IM0
2025-08-18,7124.0,7259.8,7093.4,7184.4,187694,220587,0.0,中证1000股指期货,股指期货,CFFEX,IM0
2025-08-19,7184.4,7235.0,7155.6,7177.4,152295,209342,0.0,中证1000股指期货,股指期货,CFFEX,IM0
2025-08-20,7147.4,7283.0,7087.4,7276.0,196109,217300,0.0,中证1000股指期货,股指期货,CFFEX,IM0
2025-08-21,7295.0,7312.0,7156.2,7202.2,190536,206583,0.0,中证1000股指期货,股指期货,CFFEX,IM0
2025-08-22,7210.0,7349.8,7210.0,7348.6,186931,207428,0.0,中证1000股指期货,股指期货,CFFEX,IM0
2025-08-25,7400.0,7495.4,7362.0,7412.2,202867,207228,0.0,中证1000股指期货,股指期货,CFFEX,IM0
2025-08-26,7391.4,7486.8,7381.4,7415.4,160158,195804,0.0,中证1000股指期货,股指期货,CFFEX,IM0
2025-08-27,7440.0,7511.6,7275.8,7287.2,213890,202540,0.0,中证1000股指期货,股指期货,CFFEX,IM0
2025-08-28,7310.0,7385.0,7160.2,7363.2,244649,206940,0.0,中证1000股指期货,股指期货,CFFEX,IM0
2025-08-29,7357.8,7419.8,7280.0,7366.6,214055,189297,0.0,中证1000股指期货,股指期货,CFFEX,IM0
2025-09-01,7400.0,7445.8,7329.4,7380.6,163079,180779,0.0,中证1000股指期货,股指期货,CFFEX,IM0
2025-09-02,7383.2,7393.8,7182.4,7251.4,218061,193312,0.0,中证1000股指期货,股指期货,CFFEX,IM0
2025-09-03,7283.2,7295.6,7110.4,7142.6,213250,190793,0.0,中证1000股指期货,股指期货,CFFEX,IM0
2025-09-04,7168.0,7205.0,6910.0,7003.0,239398,189144,0.0,中证1000股指期货,股指期货,CFFEX,IM0
2025-09-05,7021.4,7234.8,6997.6,7226.0,183966,171258,0.0,中证1000股指期货,股指期货,CFFEX,IM0
2025-09-08,7221.0,7278.6,7163.4,7236.0,153548,159428,0.0,中证1000股指期货,股指期货,CFFEX,IM0
2025-09-09,7215.0,7263.0,7117.2,7165.8,150382,155328,0.0,中证1000股指期货,股指期货,CFFEX,IM0
2025-09-10,7176.8,7268.8,7138.0,7151.0,161976,154502,0.0,中证1000股指期货,股指期货,CFFEX,IM0
2025-09-11,7144.0,7391.8,7090.0,7387.8,181199,147845,0.0,中证1000股指期货,股指期货,CFFEX,IM0
2025-09-12,7387.0,7448.0,7366.0,7392.8,134399,135337,0.0,中证1000股指期货,股指期货,CFFEX,IM0
2025-09-15,7420.0,7429.8,7365.0,7368.6,107983,116294,0.0,中证1000股指期货,股指期货,CFFEX,IM0
2025-09-16,7172.2,7256.2,7103.0,7242.4,85404,149063,0.0,中证1000股指期货,股指期货,CFFEX,IM0
2025-09-17,7248.0,7346.0,7212.2,7331.6,101376,158963,0.0,中证1000股指期货,股指期货,CFFEX,IM0
2025-09-18,7313.8,7458.8,7131.6,7213.4,197746,190972,0.0,中证1000股指期货,股指期货,CFFEX,IM0
2025-09-19,7224.0,7275.0,7135.0,7190.8,172454,193659,0.0,中证1000股指期货,股指期货,CFFEX,IM0
2025-09-22,7209.0,7238.0,7144.0,7230.2,134489,186980,0.0,中证1000股指期货,股指期货,CFFEX,IM0
2025-09-23,7236.8,7244.8,6995.6,7127.0,203839,206634,0.0,中证1000股指期货,股指期货,CFFEX,IM0
2025-09-24,7100.0,7313.8,7087.0,7303.2,185454,192420,0.0,中证1000股指期货,股指期货,CFFEX,IM0
2025-09-25,7290.0,7342.0,7251.8,7281.8,135475,183767,0.0,中证1000股指期货,股指期货,CFFEX,IM0
2025-09-26,7260.0,7306.0,7173.0,7189.2,155277,192544,0.0,中证1000股指期货,股指期货,CFFEX,IM0
2025-09-29,7205.0,7374.4,7158.8,7337.4,178532,191754,0.0,中证1000股指期货,股指期货,CFFEX,IM0
2025-09-30,7360.0,7434.4,7347.4,7406.2,135231,183522,0.0,中证1000股指期货,股指期货,CFFEX,IM0
2025-10-09,7444.0,7519.0,7413.0,7449.6,131436,182161,0.0,中证1000股指期货,股指期货,CFFEX,IM0
2025-10-10,7415.0,7434.0,7327.0,7340.4,140881,183267,0.0,中证1000股指期货,股指期货,CFFEX,IM0
2025-10-13,7156.0,7333.0,7141.2,7305.8,169889,190790,0.0,中证1000股指期货,股指期货,CFFEX,IM0
2025-10-14,7360.0,7404.0,7100.0,7145.8,200096,194043,0.0,中证1000股指期货,股指期货,CFFEX,IM0
2025-10-15,7194.8,7305.0,7128.0,7275.2,178569,191595,0.0,中证1000股指期货,股指期货,CFFEX,IM0
2025-10-16,7255.0,7269.8,7161.2,7205.0,153865,185185,0.0,中证1000股指期货,股指期货,CFFEX,IM0
2025-10-17,7204.8,7238.0,7002.2,7020.8,173725,199348,0.0,中证1000股指期货,股指期货,CFFEX,IM0
2025-10-20,7100.0,7150.8,7028.4,7059.2,143577,189654,0.0,中证1000股指期货,股指期货,CFFEX,IM0
2025-10-21,7099.0,7228.6,7083.0,7182.8,151318,190486,0.0,中证1000股指期货,股指期货,CFFEX,IM0
2025-10-22,7165.2,7201.2,7117.2,7163.2,120919,180451,0.0,中证1000股指期货,股指期货,CFFEX,IM0
2025-10-23,7149.0,7186.4,7014.4,7179.0,172781,201566,0.0,中证1000股指期货,股指期货,CFFEX,IM0
2025-10-24,7210.0,7298.0,7194.4,7298.0,147894,183485,0.0,中证1000股指期货,股指期货,CFFEX,IM0
2025-10-27,7378.0,7395.6,7300.2,7322.6,137585,187588,0.0,中证1000股指期货,股指期货,CFFEX,IM0
2025-10-28,7315.0,7416.8,7301.2,7335.6,141946,186154,0.0,中证1000股指期货,股指期货,CFFEX,IM0
2025-10-29,7356.0,7450.0,7330.8,7446.4,124145,180653,0.0,中证1000股指期货,股指期货,CFFEX,IM0
2025-10-30,7429.8,7444.0,7328.0,7364.4,162104,190757,0.0,中证1000股指期货,股指期货,CFFEX,IM0
2025-10-31,7380.0,7479.0,7363.0,7368.2,164443,186908,0.0,中证1000股指期货,股指期货,CFFEX,IM0
2025-11-03,7384.8,7411.0,7275.0,7398.0,149911,185243,0.0,中证1000股指期货,股指期货,CFFEX,IM0
2025-11-04,7384.8,7389.0,7215.4,7284.4,150525,184001,0.0,中证1000股指期货,股指期货,CFFEX,IM0
2025-11-05,7204.4,7355.0,7200.4,7310.8,159917,189571,0.0,中证1000股指期货,股指期货,CFFEX,IM0
2025-11-06,7321.6,7418.0,7300.0,7405.0,138409,176903,0.0,中证1000股指期货,股指期货,CFFEX,IM0
2025-11-07,7380.2,7443.8,7340.0,7412.0,127587,180439,0.0,中证1000股指期货,股指期货,CFFEX,IM0
2025-11-10,7459.0,7477.4,7368.2,7421.0,128195,179090,0.0,中证1000股指期货,股指期货,CFFEX,IM0
2025-11-11,7442.8,7484.0,7375.0,7390.4,122556,179084,0.0,中证1000股指期货,股指期货,CFFEX,IM0
2025-11-12,7387.8,7417.0,7293.0,7369.8,159312,193160,0.0,中证1000股指期货,股指期货,CFFEX,IM0
2025-11-13,7357.0,7487.8,7337.6,7478.4,140471,183744,0.0,中证1000股指期货,股指期货,CFFEX,IM0
2025-11-14,7439.0,7469.0,7372.0,7372.0,125074,182376,0.0,中证1000股指期货,股指期货,CFFEX,IM0
2025-11-17,7398.0,7429.8,7351.2,7394.4,130158,185984,0.0,中证1000股指期货,股指期货,CFFEX,IM0
2025-11-18,7375.4,7399.6,7303.0,7351.8,142162,189585,0.0,中证1000股指期货,股指期货,CFFEX,IM0
2025-11-19,7365.0,7388.4,7252.2,7298.2,149890,201080,0.0,中证1000股指期货,股指期货,CFFEX,IM0
2025-11-20,7348.0,7358.4,7246.8,7263.6,140822,205865,0.0,中证1000股指期货,股指期货,CFFEX,IM0
2025-11-21,7213.8,7234.0,7012.0,7018.2,215750,244705,0.0,中证1000股指期货,股指期货,CFFEX,IM0
2025-11-24,7056.2,7132.4,7008.8,7095.2,160312,220648,0.0,中证1000股指期货,股指期货,CFFEX,IM0
2025-11-25,7136.2,7250.0,7136.2,7172.0,152757,211318,0.0,中证1000股指期货,股指期货,CFFEX,IM0
2025-11-26,7172.0,7245.0,7152.0,7176.2,125795,202891,0.0,中证1000股指期货,股指期货,CFFEX,IM0
2025-11-27,7182.4,7264.0,7167.6,7179.0,130117,203626,0.0,中证1000股指期货,股指期货,CFFEX,IM0
2025-11-28,7190.0,7261.6,7161.2,7260.8,125415,199411,0.0,中证1000股指期货,股指期货,CFFEX,IM0
2025-12-01,7278.6,7328.4,7256.4,7290.0,107661,189019,0.0,中证1000股指期货,股指期货,CFFEX,IM0
2025-12-02,7286.0,7286.0,7220.0,7239.6,96449,181453,0.0,中证1000股指期货,股指期货,CFFEX,IM0
2025-12-03,7247.2,7265.0,7170.6,7195.4,118632,193074,0.0,中证1000股指期货,股指期货,CFFEX,IM0
2025-12-04,7203.0,7224.0,7137.2,7213.4,116454,181088,0.0,中证1000股指期货,股指期货,CFFEX,IM0
2025-12-05,7210.0,7323.8,7145.6,7319.8,146937,189203,0.0,中证1000股指期货,股指期货,CFFEX,IM0
2025-12-08,7332.0,7409.6,7332.0,7380.4,104973,168647,0.0,中证1000股指期货,股指期货,CFFEX,IM0
2025-12-09,7368.0,7406.0,7343.0,7347.8,86997,164945,0.0,中证1000股指期货,股指期货,CFFEX,IM0
2025-12-10,7340.8,7390.2,7295.0,7371.4,108100,163906,0.0,中证1000股指期货,股指期货,CFFEX,IM0
2025-12-11,7390.2,7399.8,7298.2,7304.6,114206,152560,0.0,中证1000股指期货,股指期货,CFFEX,IM0
2025-12-12,7327.0,7385.0,7279.0,7361.8,126483,149811,0.0,中证1000股指期货,股指期货,CFFEX,IM0
2025-12-15,7320.0,7369.8,7296.0,7308.0,104015,126463,0.0,中证1000股指期货,股指期货,CFFEX,IM0
2025-12-16,7060.2,7061.6,6915.0,6960.2,73872,147063,0.0,中证1000股指期货,股指期货,CFFEX,IM0
2025-12-17,6963.4,7098.0,6926.6,7074.0,97791,159672,0.0,中证1000股指期货,股指期货,CFFEX,IM0
2025-12-18,7041.0,7130.0,7032.6,7066.0,87621,166683,0.0,中证1000股指期货,股指期货,CFFEX,IM0
2025-12-19,7100.0,7177.0,7075.0,7141.8,103313,179118,0.0,中证1000股指期货,股指期货,CFFEX,IM0
2025-12-22,7180.0,7253.8,7169.8,7203.6,86037,175023,0.0,中证1000股指期货,股指期货,CFFEX,IM0
2025-12-23,7221.0,7247.8,7177.6,7197.4,87825,176419,0.0,中证1000股指期货,股指期货,CFFEX,IM0
2025-12-24,7200.0,7351.6,7193.0,7327.6,113077,185869,0.0,中证1000股指期货,股指期货,CFFEX,IM0
2025-12-25,7323.2,7443.8,7305.2,7419.0,101700,183127,0.0,中证1000股指期货,股指期货,CFFEX,IM0
2025-12-26,7420.4,7526.0,7420.4,7472.4,125247,194890,0.0,中证1000股指期货,股指期货,CFFEX,IM0
2025-12-29,7474.2,7499.0,7413.8,7439.0,95430,182605,0.0,中证1000股指期货,股指期货,CFFEX,IM0
2025-12-30,7422.4,7502.0,7410.2,7459.2,100572,189970,0.0,中证1000股指期货,股指期货,CFFEX,IM0
2025-12-31,7469.8,7475.8,7406.0,7436.2,93696,181081,0.0,中证1000股指期货,股指期货,CFFEX,IM0
