date,open,high,low,close,volume,amount,品种,交易所,基金代码
2018-05-31,93.0,100.001,93.0,100.0,555218,55474694,综合债指数ETF,SH,511280
2018-06-01,100.0,100.002,100.0,100.0,373788,37378979,综合债指数ETF,SH,511280
2018-06-04,100.0,100.001,100.0,100.001,28770,2877023,综合债指数ETF,SH,511280
2018-06-05,100.001,100.003,100.0,100.0,43090,4309004,综合债指数ETF,SH,511280
2018-06-06,100.001,100.18,100.0,100.0,12380,1238543,综合债指数ETF,SH,511280
2018-06-07,100.0,100.01,100.0,100.0,8880,888001,综合债指数ETF,SH,511280
2018-06-08,100.0,100.0,100.0,100.0,7550,755000,综合债指数ETF,SH,511280
2018-06-11,100.0,100.0,100.0,100.0,30260,3026000,综合债指数ETF,SH,511280
2018-06-12,100.0,100.1,99.508,100.0,203430,20362961,综合债指数ETF,SH,511280
2018-06-13,100.0,100.0,100.0,100.0,2540,254000,综合债指数ETF,SH,511280
2018-06-14,100.0,100.0,96.01,99.814,12210,1216997,综合债指数ETF,SH,511280
2018-06-15,99.5,99.8,99.5,99.701,410,40898,综合债指数ETF,SH,511280
2018-06-19,99.5,99.501,99.5,99.5,7270,723365,综合债指数ETF,SH,511280
2018-06-20,99.5,99.5,99.5,99.5,11920,1186040,综合债指数ETF,SH,511280
2018-06-21,99.5,99.5,99.5,99.5,5130,510435,综合债指数ETF,SH,511280
2018-06-22,99.5,99.5,99.5,99.5,720,71640,综合债指数ETF,SH,511280
2018-06-25,99.5,99.5,99.5,99.5,1550,154225,综合债指数ETF,SH,511280
2018-06-26,99.5,99.5,99.5,99.5,1700,169150,综合债指数ETF,SH,511280
2018-06-27,99.5,99.5,99.5,99.5,1150,114425,综合债指数ETF,SH,511280
2018-06-28,99.998,99.998,99.5,99.5,3200,319787,综合债指数ETF,SH,511280
2018-06-29,99.95,99.95,90.999,99.5,3220,321659,综合债指数ETF,SH,511280
2018-07-02,99.5,99.5,99.5,99.5,420,41790,综合债指数ETF,SH,511280
2018-07-03,99.5,99.5,99.5,99.5,1030,102485,综合债指数ETF,SH,511280
2018-07-04,99.5,99.5,99.5,99.5,480,47760,综合债指数ETF,SH,511280
2018-07-06,99.6,99.6,99.6,99.6,3610,359556,综合债指数ETF,SH,511280
2018-07-10,99.6,99.6,99.6,99.6,10,996,综合债指数ETF,SH,511280
2018-07-11,99.6,99.6,99.6,99.6,2010,200196,综合债指数ETF,SH,511280
2018-07-12,99.5,99.5,99.5,99.5,30,2985,综合债指数ETF,SH,511280
2018-07-13,99.601,100.5,99.601,100.5,10269,1028580,综合债指数ETF,SH,511280
2018-07-16,99.686,99.686,99.602,99.602,140,13954,综合债指数ETF,SH,511280
2018-07-17,99.959,99.959,99.7,99.7,130,12987,综合债指数ETF,SH,511280
2018-07-18,99.8,99.8,99.8,99.8,20,1996,综合债指数ETF,SH,511280
2018-07-19,99.9,99.9,99.9,99.9,510,50949,综合债指数ETF,SH,511280
2018-07-20,100.0,100.0,100.0,100.0,670,67000,综合债指数ETF,SH,511280
2018-07-23,100.0,100.0,100.0,100.0,580,58000,综合债指数ETF,SH,511280
2018-07-24,100.0,100.0,100.0,100.0,1340,134000,综合债指数ETF,SH,511280
2018-07-25,100.0,100.0,100.0,100.0,1000,100000,综合债指数ETF,SH,511280
2018-07-26,100.0,100.0,100.0,100.0,10,1000,综合债指数ETF,SH,511280
2018-07-27,100.0,100.0,100.0,100.0,40,4000,综合债指数ETF,SH,511280
2018-07-30,100.0,100.01,100.0,100.0,1000,100003,综合债指数ETF,SH,511280
2018-07-31,100.0,100.0,100.0,100.0,1490,149000,综合债指数ETF,SH,511280
2018-08-01,100.0,100.0,100.0,100.0,2150,215000,综合债指数ETF,SH,511280
2018-08-02,100.5,100.5,100.5,100.5,2000,201000,综合债指数ETF,SH,511280
2018-08-03,100.5,101.5,100.5,101.499,5860,593245,综合债指数ETF,SH,511280
2018-08-06,101.499,101.499,101.499,101.499,100,10150,综合债指数ETF,SH,511280
2018-08-07,101.5,101.5,100.0,101.49,590,59772,综合债指数ETF,SH,511280
2018-08-09,100.501,101.3,100.5,101.3,530,53365,综合债指数ETF,SH,511280
2018-08-10,100.501,100.501,100.5,100.5,5020,504510,综合债指数ETF,SH,511280
2018-08-13,100.301,100.301,100.0,100.0,3650,365930,综合债指数ETF,SH,511280
2018-08-14,100.0,100.0,100.0,100.0,2050,205000,综合债指数ETF,SH,511280
2018-08-15,100.001,100.001,100.0,100.0,910,91000,综合债指数ETF,SH,511280
2018-08-16,100.001,100.001,100.001,100.001,10,1000,综合债指数ETF,SH,511280
2018-08-17,100.0,100.0,99.999,100.0,3740,374000,综合债指数ETF,SH,511280
2018-08-20,100.0,100.0,100.0,100.0,800,80000,综合债指数ETF,SH,511280
2018-08-21,99.501,99.501,99.501,99.501,200,19900,综合债指数ETF,SH,511280
2018-08-22,99.5,99.5,99.5,99.5,130,12935,综合债指数ETF,SH,511280
2018-08-24,99.501,99.501,99.501,99.501,10,995,综合债指数ETF,SH,511280
2018-08-27,99.5,99.5,99.5,99.5,250,24875,综合债指数ETF,SH,511280
2018-08-28,99.5,99.5,99.5,99.5,100,9950,综合债指数ETF,SH,511280
2018-08-29,99.5,99.5,99.5,99.5,10,995,综合债指数ETF,SH,511280
2018-08-31,101.98,101.98,99.5,99.5,200,20148,综合债指数ETF,SH,511280
2018-09-05,99.501,99.501,99.5,99.501,2300,228852,综合债指数ETF,SH,511280
2018-09-07,101.0,101.0,101.0,101.0,100,10100,综合债指数ETF,SH,511280
2018-09-10,99.5,99.5,99.5,99.5,240,23880,综合债指数ETF,SH,511280
2018-09-11,99.501,99.501,99.5,99.5,330,32835,综合债指数ETF,SH,511280
2018-09-12,99.501,99.501,99.501,99.501,20,1990,综合债指数ETF,SH,511280
2018-09-13,99.501,99.501,99.501,99.501,10,995,综合债指数ETF,SH,511280
2018-09-17,99.5,99.5,99.5,99.5,1500,149250,综合债指数ETF,SH,511280
2018-09-18,99.5,99.5,99.5,99.5,560,55720,综合债指数ETF,SH,511280
2018-09-19,99.5,99.501,89.551,99.5,5650,561628,综合债指数ETF,SH,511280
2018-09-20,99.5,99.5,99.5,99.5,20,1990,综合债指数ETF,SH,511280
2018-09-21,99.5,99.5,99.5,99.5,500,49750,综合债指数ETF,SH,511280
2018-09-26,90.0,100.965,90.0,99.5,950,91029,综合债指数ETF,SH,511280
2018-09-27,97.0,99.6,96.999,99.5,1770,175080,综合债指数ETF,SH,511280
2018-09-28,99.501,99.501,99.501,99.501,100,9950,综合债指数ETF,SH,511280
2018-10-08,99.5,99.5,99.5,99.5,300,29850,综合债指数ETF,SH,511280
2018-10-09,99.5,99.5,99.5,99.5,540,53730,综合债指数ETF,SH,511280
2018-10-10,99.502,99.502,99.499,99.5,1000,99500,综合债指数ETF,SH,511280
2018-10-11,100.0,100.0,99.502,99.502,120,11990,综合债指数ETF,SH,511280
2018-10-15,99.503,99.503,99.503,99.503,300,29851,综合债指数ETF,SH,511280
2018-10-17,99.5,99.5,99.5,99.5,640,63680,综合债指数ETF,SH,511280
2018-10-19,99.5,99.989,99.5,99.989,210,20945,综合债指数ETF,SH,511280
2018-10-22,99.501,99.89,99.5,99.5,550,54764,综合债指数ETF,SH,511280
2018-10-23,99.6,99.6,99.6,99.6,230,22908,综合债指数ETF,SH,511280
2018-10-24,99.6,99.6,99.6,99.6,10,996,综合债指数ETF,SH,511280
2018-10-25,99.61,101.6,99.599,99.7,1410,140647,综合债指数ETF,SH,511280
2018-10-26,99.7,99.7,99.7,99.7,210,20937,综合债指数ETF,SH,511280
2018-10-30,99.701,99.701,99.701,99.701,10,997,综合债指数ETF,SH,511280
2018-10-31,99.701,100.0,99.7,99.964,649,64769,综合债指数ETF,SH,511280
2018-11-01,99.964,101.8,99.964,100.5,1700,170740,综合债指数ETF,SH,511280
2018-11-05,100.5,100.5,100.5,100.5,1400,140700,综合债指数ETF,SH,511280
2018-11-06,100.5,100.5,100.5,100.5,1450,145725,综合债指数ETF,SH,511280
2018-11-07,100.5,100.5,100.5,100.5,40,4020,综合债指数ETF,SH,511280
2018-11-08,100.5,100.5,100.5,100.5,1610,161805,综合债指数ETF,SH,511280
2018-11-09,100.6,100.6,100.6,100.6,200,20120,综合债指数ETF,SH,511280
2018-11-12,100.6,101.0,100.6,101.0,200,20160,综合债指数ETF,SH,511280
2018-11-13,102.0,102.0,100.6,101.873,110,11206,综合债指数ETF,SH,511280
2018-11-16,100.8,101.5,100.0,101.5,1200,120870,综合债指数ETF,SH,511280
2018-11-19,101.8,101.8,101.3,101.301,600,60830,综合债指数ETF,SH,511280
2018-11-20,100.902,100.904,100.9,100.901,650,65585,综合债指数ETF,SH,511280
2018-11-21,101.001,101.001,101.001,101.001,300,30300,综合债指数ETF,SH,511280
2018-11-22,101.0,101.0,101.0,101.0,30,3030,综合债指数ETF,SH,511280
2018-11-23,101.0,101.0,101.0,101.0,840,84840,综合债指数ETF,SH,511280
2018-11-28,102.0,102.0,102.0,102.0,800,81600,综合债指数ETF,SH,511280
2018-11-29,101.032,101.032,101.032,101.032,60,6062,综合债指数ETF,SH,511280
2018-12-03,100.0,102.0,100.0,101.4,550,55620,综合债指数ETF,SH,511280
2018-12-05,101.998,101.998,101.121,101.121,110,11211,综合债指数ETF,SH,511280
2018-12-07,102.0,104.3,102.0,103.438,160,16550,综合债指数ETF,SH,511280
2018-12-10,101.301,101.301,101.301,101.301,10,1013,综合债指数ETF,SH,511280
2018-12-11,101.402,101.411,101.402,101.404,290,29407,综合债指数ETF,SH,511280
2018-12-12,101.401,102.5,101.401,102.5,210,21514,综合债指数ETF,SH,511280
2018-12-13,101.401,101.401,101.401,101.401,200,20280,综合债指数ETF,SH,511280
2018-12-14,101.401,101.401,101.401,101.401,100,10140,综合债指数ETF,SH,511280
2018-12-17,101.4,101.4,101.4,101.4,310,31434,综合债指数ETF,SH,511280
2018-12-18,102.0,108.0,101.4,101.4,400,41220,综合债指数ETF,SH,511280
2018-12-20,101.0,101.0,101.0,101.0,10,1010,综合债指数ETF,SH,511280
2018-12-21,101.0,101.0,101.0,101.0,90,9090,综合债指数ETF,SH,511280
2018-12-27,101.17,101.17,90.9,100.0,300,29207,综合债指数ETF,SH,511280
2018-12-28,99.0,102.0,99.0,100.1,600,60110,综合债指数ETF,SH,511280
2019-01-02,101.17,101.17,101.0,101.0,220,22237,综合债指数ETF,SH,511280
2019-01-03,100.0,100.0,100.0,100.0,100,10000,综合债指数ETF,SH,511280
2019-01-04,100.1,100.2,100.1,100.2,110,11012,综合债指数ETF,SH,511280
2019-01-07,101.4,101.4,100.6,101.4,390,39472,综合债指数ETF,SH,511280
2019-01-09,100.001,100.001,100.001,100.001,20,2000,综合债指数ETF,SH,511280
2019-01-11,101.8,101.8,101.799,101.799,400,40720,综合债指数ETF,SH,511280
2019-01-14,102.28,103.5,101.3,101.3,1850,189925,综合债指数ETF,SH,511280
2019-01-15,102.998,104.987,101.0,104.0,23990,2465262,综合债指数ETF,SH,511280
2019-01-16,103.0,103.996,102.95,103.0,16140,1662810,综合债指数ETF,SH,511280
2019-01-17,103.0,103.002,102.999,103.002,14230,1465691,综合债指数ETF,SH,511280
2019-01-18,103.0,103.001,103.0,103.0,300,30900,综合债指数ETF,SH,511280
2019-01-21,103.0,103.2,103.0,103.2,800,82538,综合债指数ETF,SH,511280
2019-01-23,103.001,103.001,103.001,103.001,110,11330,综合债指数ETF,SH,511280
2019-01-24,103.5,103.5,103.0,103.001,4390,454170,综合债指数ETF,SH,511280
2019-01-25,103.497,103.497,103.497,103.497,100,10350,综合债指数ETF,SH,511280
2019-01-28,113.002,113.002,103.009,103.009,150,16451,综合债指数ETF,SH,511280
2019-01-31,102.502,102.502,102.502,102.502,20,2050,综合债指数ETF,SH,511280
2019-02-11,103.001,103.3,102.701,102.701,600,61801,综合债指数ETF,SH,511280
2019-02-13,102.702,103.0,102.702,103.0,430,44257,综合债指数ETF,SH,511280
2019-02-14,102.801,102.999,102.801,102.999,190,19552,综合债指数ETF,SH,511280
2019-02-15,102.501,102.502,102.501,102.502,460,47150,综合债指数ETF,SH,511280
2019-02-18,102.501,103.999,102.0,103.999,3750,385637,综合债指数ETF,SH,511280
2019-02-21,103.998,103.998,103.998,103.998,100,10400,综合债指数ETF,SH,511280
2019-02-26,103.998,103.998,93.599,93.991,600,58278,综合债指数ETF,SH,511280
2019-02-27,102.501,102.502,102.501,102.502,60,6150,综合债指数ETF,SH,511280
2019-02-28,102.502,102.6,102.502,102.502,180,18456,综合债指数ETF,SH,511280
2019-03-01,102.649,103.0,102.649,102.801,270,27769,综合债指数ETF,SH,511280
2019-03-04,102.801,102.801,102.0,102.0,1150,117663,综合债指数ETF,SH,511280
2019-03-05,101.901,102.0,101.501,102.0,1530,155523,综合债指数ETF,SH,511280
2019-03-06,101.7,111.0,101.119,101.98,1800,184013,综合债指数ETF,SH,511280
2019-03-07,101.98,101.98,101.98,101.98,10,1020,综合债指数ETF,SH,511280
2019-03-08,100.982,103.0,100.982,102.998,3540,361918,综合债指数ETF,SH,511280
2019-03-11,103.199,104.655,102.5,104.655,2710,280326,综合债指数ETF,SH,511280
2019-03-12,103.501,104.655,103.501,104.654,420,43828,综合债指数ETF,SH,511280
2019-03-13,103.501,103.6,103.501,103.6,760,78716,综合债指数ETF,SH,511280
2019-03-14,103.601,104.0,103.601,104.0,500,51900,综合债指数ETF,SH,511280
2019-03-15,104.101,104.999,104.101,104.998,1970,205528,综合债指数ETF,SH,511280
2019-03-19,104.899,104.9,104.899,104.9,1290,135321,综合债指数ETF,SH,511280
2019-03-22,102.001,102.001,102.001,102.001,20,2040,综合债指数ETF,SH,511280
2019-04-01,102.001,103.001,102.001,103.001,40,4110,综合债指数ETF,SH,511280
2019-04-02,103.001,103.995,102.8,102.9,810,83608,综合债指数ETF,SH,511280
2019-04-03,102.5,104.0,102.01,102.603,630,64762,综合债指数ETF,SH,511280
2019-04-04,102.997,102.997,102.997,102.997,100,10300,综合债指数ETF,SH,511280
2019-04-08,102.996,102.996,102.799,102.799,300,30860,综合债指数ETF,SH,511280
2019-04-09,102.989,103.98,102.989,103.826,900,93443,综合债指数ETF,SH,511280
2019-04-10,102.01,103.3,102.01,103.3,120,12370,综合债指数ETF,SH,511280
2019-04-12,102.0,102.201,102.0,102.201,110,11222,综合债指数ETF,SH,511280
2019-04-17,102.2,102.996,102.2,102.2,16100,1645500,综合债指数ETF,SH,511280
2019-04-18,100.001,102.21,100.001,102.2,15850,1618855,综合债指数ETF,SH,511280
2019-04-19,101.003,101.003,101.003,101.003,100,10100,综合债指数ETF,SH,511280
2019-04-23,101.153,101.155,101.153,101.155,430,43497,综合债指数ETF,SH,511280
2019-04-24,101.305,101.305,101.15,101.15,200,20246,综合债指数ETF,SH,511280
2019-04-25,101.15,102.0,101.15,102.0,290,29419,综合债指数ETF,SH,511280
2019-04-26,101.98,101.98,101.0,101.0,200,20298,综合债指数ETF,SH,511280
2019-04-30,100.001,100.001,100.0,100.001,130,13000,综合债指数ETF,SH,511280
2019-05-06,100.001,100.001,100.001,100.001,5440,544005,综合债指数ETF,SH,511280
2019-05-08,100.7,101.99,100.008,101.3,440,44578,综合债指数ETF,SH,511280
2019-05-13,101.7,101.7,100.701,101.7,240,24388,综合债指数ETF,SH,511280
2019-05-15,100.348,100.348,100.344,100.347,120,12042,综合债指数ETF,SH,511280
2019-05-21,101.008,101.008,101.008,101.008,100,10101,综合债指数ETF,SH,511280
2019-05-22,101.998,102.0,101.998,101.999,400,40800,综合债指数ETF,SH,511280
2019-05-23,102.01,102.01,102.01,102.01,100,10201,综合债指数ETF,SH,511280
2019-05-29,102.0,102.0,102.0,102.0,200,20400,综合债指数ETF,SH,511280
2019-05-30,100.001,102.5,100.001,102.5,500,50570,综合债指数ETF,SH,511280
2019-06-03,100.016,100.016,100.016,100.016,100,10002,综合债指数ETF,SH,511280
2019-06-04,102.0,103.0,100.106,100.106,300,30511,综合债指数ETF,SH,511280
2019-06-05,102.0,102.0,102.0,102.0,100,10200,综合债指数ETF,SH,511280
2019-06-10,101.001,101.001,101.001,101.001,100,10100,综合债指数ETF,SH,511280
2019-06-11,100.203,100.203,100.203,100.203,10,1002,综合债指数ETF,SH,511280
2019-06-13,100.203,100.203,100.203,100.203,100,10020,综合债指数ETF,SH,511280
2019-06-19,100.203,100.203,100.203,100.203,10,1002,综合债指数ETF,SH,511280
2019-06-20,103.0,103.0,100.3,101.35,510,51618,综合债指数ETF,SH,511280
2019-07-01,100.4,100.4,100.4,100.4,100,10040,综合债指数ETF,SH,511280
2019-07-02,100.431,100.431,100.431,100.431,100,10043,综合债指数ETF,SH,511280
2019-07-04,100.431,101.998,100.431,101.998,300,30443,综合债指数ETF,SH,511280
2019-07-12,100.06,100.06,100.06,100.06,10,1001,综合债指数ETF,SH,511280
2019-07-15,100.901,100.901,100.901,100.901,30,3027,综合债指数ETF,SH,511280
2019-07-16,100.601,100.601,100.601,100.601,100,10060,综合债指数ETF,SH,511280
2019-07-19,100.88,101.8,100.02,100.02,230,23269,综合债指数ETF,SH,511280
2019-07-23,100.6,101.6,100.6,100.627,210,21229,综合债指数ETF,SH,511280
2019-07-24,101.59,101.6,101.589,101.594,600,60955,综合债指数ETF,SH,511280
2019-07-26,101.0,101.001,101.0,101.001,400,40400,综合债指数ETF,SH,511280
2019-07-29,101.5,101.992,101.5,101.992,500,50926,综合债指数ETF,SH,511280
2019-07-30,101.506,101.506,101.506,101.506,100,10151,综合债指数ETF,SH,511280
2019-07-31,101.506,101.506,101.5,101.5,110,11166,综合债指数ETF,SH,511280
2019-08-01,101.5,101.5,101.5,101.5,100,10150,综合债指数ETF,SH,511280
2019-08-05,101.887,101.887,101.887,101.887,100,10189,综合债指数ETF,SH,511280
2019-08-06,103.0,103.0,100.0,101.8,1010,103500,综合债指数ETF,SH,511280
2019-08-07,102.0,102.5,102.0,102.5,290,29630,综合债指数ETF,SH,511280
2019-08-08,101.5,102.499,101.01,102.0,400,40701,综合债指数ETF,SH,511280
2019-08-09,102.0,103.986,102.0,102.2,800,82349,综合债指数ETF,SH,511280
2019-08-13,104.0,104.0,104.0,104.0,100,10400,综合债指数ETF,SH,511280
2019-08-14,102.556,102.556,100.0,100.0,110,11026,综合债指数ETF,SH,511280
2019-08-16,102.001,102.001,102.001,102.001,500,51001,综合债指数ETF,SH,511280
2019-08-22,101.0,101.0,97.0,99.0,200,19800,综合债指数ETF,SH,511280
2019-08-23,103.499,103.499,103.499,103.499,100,10350,综合债指数ETF,SH,511280
2019-08-30,101.0,103.398,101.0,103.398,600,61340,综合债指数ETF,SH,511280
2019-09-04,103.398,108.0,103.398,105.699,200,21140,综合债指数ETF,SH,511280
2019-09-05,101.0,103.498,101.0,103.0,210,21660,综合债指数ETF,SH,511280
2019-09-06,103.399,103.399,103.399,103.399,100,10340,综合债指数ETF,SH,511280
2019-09-09,102.0,103.373,99.0,102.515,500,50889,综合债指数ETF,SH,511280
2019-09-10,103.0,104.988,102.2,102.2,600,61919,综合债指数ETF,SH,511280
2019-09-11,102.998,102.998,102.103,102.886,410,42209,综合债指数ETF,SH,511280
2019-09-12,102.998,102.999,102.998,102.999,700,72099,综合债指数ETF,SH,511280
2019-09-16,102.999,102.999,102.0,102.0,200,20500,综合债指数ETF,SH,511280
2019-09-18,103.499,103.499,103.499,103.499,100,10350,综合债指数ETF,SH,511280
2019-09-24,102.0,102.0,102.0,102.0,100,10200,综合债指数ETF,SH,511280
2019-09-25,103.499,103.999,103.499,103.999,510,52885,综合债指数ETF,SH,511280
2019-09-26,103.0,104.5,102.5,102.5,500,51630,综合债指数ETF,SH,511280
2019-10-14,102.5,102.5,102.5,102.5,100,10250,综合债指数ETF,SH,511280
2019-10-16,102.0,102.0,100.0,101.0,200,20200,综合债指数ETF,SH,511280
2019-10-21,101.001,101.001,101.001,101.001,100,10100,综合债指数ETF,SH,511280
2019-10-22,103.499,103.499,103.499,103.499,100,10350,综合债指数ETF,SH,511280
2019-10-24,102.001,102.001,102.001,102.001,100,10200,综合债指数ETF,SH,511280
2019-10-29,101.0,101.0,101.0,101.0,100,10100,综合债指数ETF,SH,511280
2019-10-30,102.8,102.8,102.8,102.8,100,10280,综合债指数ETF,SH,511280
2019-11-04,101.051,101.051,101.051,101.051,200,20210,综合债指数ETF,SH,511280
2019-11-07,101.6,101.6,101.6,101.6,100,10160,综合债指数ETF,SH,511280
2019-11-08,101.001,101.001,101.001,101.001,80,8080,综合债指数ETF,SH,511280
2019-11-26,102.0,102.0,102.0,102.0,100,10200,综合债指数ETF,SH,511280
2019-11-27,100.5,103.0,100.5,103.0,310,31510,综合债指数ETF,SH,511280
2019-12-03,103.0,103.0,103.0,103.0,300,30900,综合债指数ETF,SH,511280
2019-12-04,101.002,101.501,101.002,101.501,110,11115,综合债指数ETF,SH,511280
2019-12-06,101.502,103.992,101.3,101.3,620,63428,综合债指数ETF,SH,511280
2019-12-10,102.99,102.99,101.3,101.3,110,11312,综合债指数ETF,SH,511280
2019-12-11,101.9,102.1,101.301,102.0,510,52023,综合债指数ETF,SH,511280
2019-12-12,102.2,102.499,102.2,102.499,200,20470,综合债指数ETF,SH,511280
2019-12-16,102.998,103.999,102.998,103.999,300,31000,综合债指数ETF,SH,511280
2019-12-17,103.997,103.999,102.0,102.0,410,42419,综合债指数ETF,SH,511280
2019-12-18,103.0,103.998,102.016,102.016,510,52919,综合债指数ETF,SH,511280
2019-12-23,103.999,103.999,103.999,103.999,1000,103999,综合债指数ETF,SH,511280
2019-12-24,103.999,103.999,103.999,103.999,1990,206958,综合债指数ETF,SH,511280
2019-12-25,102.0,102.0,102.0,102.0,90,9180,综合债指数ETF,SH,511280
2019-12-26,102.001,102.001,102.001,102.001,300,30600,综合债指数ETF,SH,511280
2019-12-27,101.006,103.5,101.006,103.5,1700,173524,综合债指数ETF,SH,511280
2019-12-30,103.997,105.0,103.997,105.0,600,62499,综合债指数ETF,SH,511280
2020-01-02,102.001,102.001,102.001,102.001,10,1020,综合债指数ETF,SH,511280
2020-01-09,102.022,104.985,102.022,104.98,1390,145348,综合债指数ETF,SH,511280
2020-01-14,104.88,106.0,104.88,105.615,3100,327364,综合债指数ETF,SH,511280
2020-01-16,106.6,106.6,100.08,100.08,110,11661,综合债指数ETF,SH,511280
2020-01-20,102.2,102.2,102.0,102.0,200,20420,综合债指数ETF,SH,511280
2020-01-21,103.5,108.467,102.467,108.467,203796,22101545,综合债指数ETF,SH,511280
2020-02-03,102.002,102.002,102.002,102.002,400,40801,综合债指数ETF,SH,511280
2020-02-05,104.0,107.0,104.0,107.0,300,31500,综合债指数ETF,SH,511280
2020-02-06,106.9,106.9,106.9,106.9,100,10690,综合债指数ETF,SH,511280
2020-02-13,103.01,103.01,103.01,103.01,10,1030,综合债指数ETF,SH,511280
2020-02-17,103.021,103.021,103.021,103.021,10,1030,综合债指数ETF,SH,511280
2020-02-21,106.0,106.0,106.0,106.0,1000,106000,综合债指数ETF,SH,511280
2020-02-25,103.001,104.0,103.0,104.0,3130,324475,综合债指数ETF,SH,511280
2020-02-27,105.0,105.0,105.0,105.0,200,21000,综合债指数ETF,SH,511280
2020-02-28,103.028,103.951,103.028,103.951,120,12456,综合债指数ETF,SH,511280
2020-03-10,104.901,104.901,104.5,104.5,310,32515,综合债指数ETF,SH,511280
2020-03-11,104.501,104.501,104.501,104.501,10,1045,综合债指数ETF,SH,511280
2020-03-13,105.0,105.5,105.0,105.5,250,26325,综合债指数ETF,SH,511280
2020-03-19,105.5,105.5,105.4,105.4,230,24255,综合债指数ETF,SH,511280
2020-03-23,106.0,106.0,104.011,104.011,200,21001,综合债指数ETF,SH,511280
2020-03-25,105.3,105.3,105.3,105.3,180,18954,综合债指数ETF,SH,511280
2020-03-26,105.5,105.5,105.5,105.5,100,10550,综合债指数ETF,SH,511280
2020-03-30,105.9,105.977,105.9,105.977,290,30726,综合债指数ETF,SH,511280
2020-03-31,106.0,106.0,104.521,104.521,290,30459,综合债指数ETF,SH,511280
2020-04-01,105.5,106.0,105.5,106.0,200,21150,综合债指数ETF,SH,511280
2020-04-02,105.501,107.998,105.501,107.998,200,21350,综合债指数ETF,SH,511280
2020-04-03,105.666,105.666,105.666,105.666,100,10567,综合债指数ETF,SH,511280
2020-04-07,106.0,106.0,106.0,106.0,100,10600,综合债指数ETF,SH,511280
2020-04-08,105.016,105.016,105.016,105.016,10,1050,综合债指数ETF,SH,511280
2020-04-09,106.788,108.788,106.788,107.188,1200,128546,综合债指数ETF,SH,511280
2020-04-10,107.018,107.018,107.018,107.018,400,42807,综合债指数ETF,SH,511280
2020-04-15,107.07,107.07,107.07,107.07,100,10707,综合债指数ETF,SH,511280
2020-04-16,105.5,105.5,105.5,105.5,100,10550,综合债指数ETF,SH,511280
2020-04-17,107.188,107.188,107.188,107.188,100,10719,综合债指数ETF,SH,511280
2020-04-20,107.499,107.499,107.499,107.499,100,10750,综合债指数ETF,SH,511280
2020-04-21,106.0,106.0,106.0,106.0,10,1060,综合债指数ETF,SH,511280
2020-04-22,107.799,107.799,105.016,107.798,400,42563,综合债指数ETF,SH,511280
2020-04-27,107.8,107.8,107.8,107.8,200,21560,综合债指数ETF,SH,511280
2020-04-28,108.11,108.11,106.016,107.063,200,21413,综合债指数ETF,SH,511280
2020-04-29,109.97,109.97,106.224,109.656,220,24087,综合债指数ETF,SH,511280
2020-04-30,110.888,110.888,110.888,110.888,100,11089,综合债指数ETF,SH,511280
2020-05-11,106.615,108.0,106.615,107.666,500,53828,综合债指数ETF,SH,511280
2020-05-12,108.157,108.157,108.157,108.157,100,10816,综合债指数ETF,SH,511280
2020-05-19,106.505,106.998,106.505,106.998,1300,138663,综合债指数ETF,SH,511280
2020-05-22,106.9,106.9,106.9,106.9,200,21380,综合债指数ETF,SH,511280
2020-05-25,106.9,108.098,106.9,107.546,400,43009,综合债指数ETF,SH,511280
2020-06-17,107.0,107.0,107.0,107.0,200,21400,综合债指数ETF,SH,511280
2020-06-24,103.669,106.649,103.669,106.649,300,31399,综合债指数ETF,SH,511280
2020-06-29,104.888,104.998,104.888,104.998,200,20989,综合债指数ETF,SH,511280
2020-06-30,101.898,104.99,101.898,104.9,1300,135830,综合债指数ETF,SH,511280
2020-07-03,100.406,104.9,100.406,104.9,200,20531,综合债指数ETF,SH,511280
2020-07-07,104.894,104.896,104.894,104.895,400,41958,综合债指数ETF,SH,511280
2020-07-21,95.668,107.666,95.668,104.973,700,72038,综合债指数ETF,SH,511280
2020-07-31,106.168,106.168,106.168,106.168,200,21234,综合债指数ETF,SH,511280
2020-08-03,107.155,107.155,105.5,106.498,400,42465,综合债指数ETF,SH,511280
2020-08-04,106.299,106.498,106.299,106.349,400,42540,综合债指数ETF,SH,511280
2020-08-06,106.3,106.3,106.3,106.3,200,21260,综合债指数ETF,SH,511280
2020-08-10,106.3,106.3,106.3,106.3,100,10630,综合债指数ETF,SH,511280
2020-08-11,104.01,104.01,104.01,104.01,100,10401,综合债指数ETF,SH,511280
2020-08-12,106.2,106.2,106.2,106.2,100,10620,综合债指数ETF,SH,511280
2020-08-13,102.637,106.099,102.637,106.099,110,11636,综合债指数ETF,SH,511280
2020-08-14,102.0,105.9,102.0,105.9,200,20790,综合债指数ETF,SH,511280
2020-08-17,102.2,106.0,102.2,105.99,300,31419,综合债指数ETF,SH,511280
2020-08-18,103.406,105.501,103.406,105.501,200,20891,综合债指数ETF,SH,511280
2020-08-19,105.505,105.997,105.5,105.997,300,31700,综合债指数ETF,SH,511280
2020-08-20,105.45,105.45,105.45,105.45,100,10545,综合债指数ETF,SH,511280
2020-08-21,105.98,105.98,105.455,105.455,200,21144,综合债指数ETF,SH,511280
2020-08-24,105.1,105.888,105.1,105.888,200,21099,综合债指数ETF,SH,511280
2020-08-25,106.0,108.7,105.1,105.1,300,31980,综合债指数ETF,SH,511280
2020-08-26,105.888,105.888,105.88,105.88,200,21177,综合债指数ETF,SH,511280
2020-08-27,105.401,105.998,105.401,105.497,300,31690,综合债指数ETF,SH,511280
2020-08-28,103.01,106.0,103.01,105.3,500,52282,综合债指数ETF,SH,511280
2020-08-31,105.99,105.99,105.112,105.5,700,73816,综合债指数ETF,SH,511280
2020-09-01,105.555,105.555,105.0,105.011,840,88335,综合债指数ETF,SH,511280
2020-09-02,105.2,105.2,105.2,105.2,200,21040,综合债指数ETF,SH,511280
2020-09-07,105.2,105.2,105.2,105.2,100,10520,综合债指数ETF,SH,511280
2020-09-09,105.2,105.2,105.2,105.2,400,42080,综合债指数ETF,SH,511280
2020-09-14,105.4,105.5,105.4,105.45,200,21090,综合债指数ETF,SH,511280
2020-09-15,104.5,104.5,104.005,104.253,200,20851,综合债指数ETF,SH,511280
2020-09-21,104.801,104.801,104.8,104.801,200,20960,综合债指数ETF,SH,511280
2020-09-23,104.801,105.0,104.801,105.0,400,41940,综合债指数ETF,SH,511280
2020-10-12,105.392,105.392,105.392,105.392,100,10539,综合债指数ETF,SH,511280
2020-10-19,105.38,105.392,105.38,105.392,300,31616,综合债指数ETF,SH,511280
2020-10-30,105.001,105.388,105.001,105.195,100,10519,综合债指数ETF,SH,511280
2020-11-02,105.388,105.388,104.602,104.602,400,42038,综合债指数ETF,SH,511280
2020-11-03,104.8,104.8,104.8,104.8,800,83840,综合债指数ETF,SH,511280
2020-11-05,105.8,105.8,104.8,104.8,300,31540,综合债指数ETF,SH,511280
2020-11-09,104.58,104.58,104.58,104.58,190,19870,综合债指数ETF,SH,511280
2020-11-10,105.8,105.8,105.8,105.8,100,10580,综合债指数ETF,SH,511280
2020-11-16,105.399,105.399,105.399,105.399,100,10540,综合债指数ETF,SH,511280
2020-12-01,103.0,104.801,103.0,104.8,340,35444,综合债指数ETF,SH,511280
2020-12-04,104.0,104.0,104.0,104.0,100,10400,综合债指数ETF,SH,511280
2020-12-10,104.8,104.8,104.8,104.8,100,10480,综合债指数ETF,SH,511280
2020-12-16,104.81,108.0,104.8,108.0,3200,336556,综合债指数ETF,SH,511280
2020-12-17,108.0,108.0,108.0,108.0,100,10800,综合债指数ETF,SH,511280
2020-12-18,108.0,108.9,108.0,108.9,1540,167572,综合债指数ETF,SH,511280
2020-12-24,109.5,109.5,109.5,109.5,200,21900,综合债指数ETF,SH,511280
2020-12-25,109.0,110.0,109.0,110.0,600,65700,综合债指数ETF,SH,511280
2020-12-28,110.4,110.4,110.4,110.4,200,22080,综合债指数ETF,SH,511280
2020-12-29,110.5,111.0,110.5,111.0,500,55350,综合债指数ETF,SH,511280
2020-12-30,111.2,111.2,111.2,111.2,300,33360,综合债指数ETF,SH,511280
2021-01-12,112.0,112.0,112.0,112.0,100,11200,综合债指数ETF,SH,511280
2021-01-18,104.5,104.5,104.5,104.5,10,1045,综合债指数ETF,SH,511280
2021-01-19,112.0,112.0,112.0,112.0,10,1120,综合债指数ETF,SH,511280
2021-01-20,123.07,123.07,112.0,117.535,200,23507,综合债指数ETF,SH,511280
2021-01-27,117.535,117.535,112.3,113.99,2700,304433,综合债指数ETF,SH,511280
2021-01-28,108.217,108.312,108.217,108.312,200,21653,综合债指数ETF,SH,511280
2021-01-29,107.0,109.0,107.0,109.0,1100,117900,综合债指数ETF,SH,511280
2021-02-01,109.1,109.1,109.1,109.1,100,10910,综合债指数ETF,SH,511280
2021-02-03,109.05,109.05,109.05,109.05,100,10905,综合债指数ETF,SH,511280
2021-02-05,108.006,110.288,108.006,110.288,200,21829,综合债指数ETF,SH,511280
2021-02-09,110.678,110.678,110.678,110.678,100,11068,综合债指数ETF,SH,511280
2021-02-10,105.335,108.578,105.335,108.578,200,21391,综合债指数ETF,SH,511280
2021-02-18,110.688,110.688,110.688,110.688,100,11069,综合债指数ETF,SH,511280
2021-02-19,108.0,109.268,107.506,109.268,600,65070,综合债指数ETF,SH,511280
2021-02-22,111.248,111.248,111.248,111.248,100,11125,综合债指数ETF,SH,511280
2021-02-24,109.399,110.468,109.399,110.468,400,43917,综合债指数ETF,SH,511280
2021-02-25,100.463,110.462,100.463,105.463,200,21093,综合债指数ETF,SH,511280
2021-02-26,110.348,110.348,108.301,108.301,500,54962,综合债指数ETF,SH,511280
2021-03-01,109.0,109.0,109.0,109.0,100,10900,综合债指数ETF,SH,511280
2021-03-11,109.898,109.898,109.898,109.898,100,10990,综合债指数ETF,SH,511280
2021-03-19,107.0,107.0,107.0,107.0,10,1070,综合债指数ETF,SH,511280
2021-03-24,107.5,108.996,107.5,108.996,200,21650,综合债指数ETF,SH,511280
2021-04-01,108.6,110.989,108.6,110.989,200,21959,综合债指数ETF,SH,511280
2021-04-02,111.111,111.111,111.111,111.111,100,11111,综合债指数ETF,SH,511280
2021-04-12,111.1,111.1,109.988,110.939,910,100797,综合债指数ETF,SH,511280
2021-04-13,111.498,111.498,111.498,111.498,100,11150,综合债指数ETF,SH,511280
2021-04-15,111.498,116.8,111.498,116.8,300,33980,综合债指数ETF,SH,511280
2021-04-21,109.122,116.699,109.11,116.699,4560,498509,综合债指数ETF,SH,511280
2021-04-23,111.999,113.568,111.999,113.568,500,56322,综合债指数ETF,SH,511280
2021-04-26,116.48,116.48,116.48,116.48,100,11648,综合债指数ETF,SH,511280
2021-04-29,106.4,128.128,106.4,114.386,3300,372192,综合债指数ETF,SH,511280
2021-04-30,115.5,115.5,115.398,115.398,200,23090,综合债指数ETF,SH,511280
2021-05-07,115.998,115.998,115.998,115.998,100,11600,综合债指数ETF,SH,511280
2021-05-10,110.01,114.974,110.01,114.974,300,33898,综合债指数ETF,SH,511280
2021-05-11,117.988,117.988,117.988,117.988,100,11799,综合债指数ETF,SH,511280
2021-05-12,125.898,125.898,115.9,117.948,300,35975,综合债指数ETF,SH,511280
2021-05-13,114.0,128.988,112.0,127.888,1700,197445,综合债指数ETF,SH,511280
2021-05-14,119.8,119.8,115.099,115.099,5160,597824,综合债指数ETF,SH,511280
2021-05-17,110.112,118.99,110.112,113.188,3980,446632,综合债指数ETF,SH,511280
2021-05-18,112.203,113.186,112.203,113.18,1200,135248,综合债指数ETF,SH,511280
2021-05-19,112.102,114.388,112.05,114.388,1400,157607,综合债指数ETF,SH,511280
2021-05-20,116.488,116.488,112.6,115.988,300,34508,综合债指数ETF,SH,511280
2021-05-21,116.568,116.568,116.568,116.568,100,11657,综合债指数ETF,SH,511280
2021-05-26,114.0,114.788,112.502,114.788,560,63829,综合债指数ETF,SH,511280
2021-05-27,124.598,124.598,112.806,112.806,460,54474,综合债指数ETF,SH,511280
2021-05-28,112.052,114.998,112.052,114.901,700,79945,综合债指数ETF,SH,511280
2021-05-31,113.002,114.81,113.002,113.975,700,79380,综合债指数ETF,SH,511280
2021-06-01,112.35,113.37,112.35,113.37,153,17292,综合债指数ETF,SH,511280
2021-06-02,112.376,114.496,112.376,114.496,553,62561,综合债指数ETF,SH,511280
2021-06-03,112.001,113.899,112.001,113.899,200,22590,综合债指数ETF,SH,511280
2021-06-04,112.052,114.49,112.052,114.49,200,22654,综合债指数ETF,SH,511280
2021-06-08,108.115,114.476,108.115,114.476,600,66043,综合债指数ETF,SH,511280
2021-06-09,112.102,113.188,112.102,113.188,200,22529,综合债指数ETF,SH,511280
2021-06-10,117.178,117.178,112.6,112.6,1300,147210,综合债指数ETF,SH,511280
2021-06-11,112.601,112.601,112.601,112.601,100,11260,综合债指数ETF,SH,511280
2021-06-22,112.6,112.6,112.6,112.6,100,11260,综合债指数ETF,SH,511280
2021-06-30,111.801,111.801,111.8,111.8,1813,202694,综合债指数ETF,SH,511280
2021-07-05,117.11,120.88,112.63,112.63,600,69676,综合债指数ETF,SH,511280
2021-07-08,111.0,111.0,107.1,107.1,230,25471,综合债指数ETF,SH,511280
2021-07-09,111.978,111.978,111.978,111.978,100,11198,综合债指数ETF,SH,511280
2021-07-12,111.7,111.7,111.7,111.7,310,34627,综合债指数ETF,SH,511280
2021-07-13,112.0,112.0,111.6,111.6,400,44680,综合债指数ETF,SH,511280
2021-07-19,110.1,111.398,110.1,111.398,200,22150,综合债指数ETF,SH,511280
2021-07-20,119.8,119.8,119.8,119.8,100,11980,综合债指数ETF,SH,511280
2021-07-21,129.199,129.199,129.199,129.199,100,12920,综合债指数ETF,SH,511280
2021-07-22,116.279,116.279,116.279,116.279,500,58140,综合债指数ETF,SH,511280
2021-07-23,110.002,119.988,107.105,110.999,1200,133471,综合债指数ETF,SH,511280
2021-07-26,119.8,119.8,107.1,118.495,1400,162071,综合债指数ETF,SH,511280
2021-07-27,118.48,118.48,112.72,118.198,700,81702,综合债指数ETF,SH,511280
2021-07-28,112.309,118.088,112.3,114.988,1700,191810,综合债指数ETF,SH,511280
2021-07-29,112.0,112.99,112.0,112.99,2100,235299,综合债指数ETF,SH,511280
2021-07-30,116.798,116.798,116.798,116.798,100,11680,综合债指数ETF,SH,511280
2021-08-02,111.599,116.6,111.24,116.58,1000,114022,综合债指数ETF,SH,511280
